,x,y,type,region,cell,frame
0,242.0,1234.0,Nascent,Nucleus,1,0
1,1562.0,1547.0,Nascent,Nucleus,2,0
2,1700.0,1629.0,Nascent,Cytoplasm,2,0
3,102.0,1246.0,Nascent,Cytoplasm,1,0
4,206.0,1299.0,Nascent,Nucleus,1,0
5,1557.0,1159.0,Nascent,Nucleus,1,2
6,1523.0,1198.0,Nascent,Nucleus,1,2
7,1546.0,1201.0,Nascent,Nucleus,1,2
8,1569.0,1230.0,Nascent,Nucleus,1,2
9,1567.0,1245.0,Nascent,Nucleus,1,2
10,1534.0,1187.0,Nascent,Nucleus,1,2
11,1524.0,1200.0,Nascent,Nucleus,1,2
12,1567.0,1236.0,Nascent,Nucleus,1,2
13,1546.0,1258.0,Nascent,Nucleus,1,2
14,1542.0,1209.0,Nascent,Nucleus,1,2
15,1554.0,1252.0,Nascent,Nucleus,1,2
16,1523.0,1264.0,Nascent,Nucleus,1,2
17,1524.0,1277.0,Nascent,Nucleus,1,2
18,494.0,465.0,Nascent,Cytoplasm,1,4
19,311.0,1096.0,Nascent,Cytoplasm,1,5
20,352.0,1190.0,Nascent,Cytoplasm,1,5
21,303.0,968.0,Nascent,Cytoplasm,1,5
22,301.0,968.0,Nascent,Cytoplasm,1,5
23,647.0,249.0,Nascent,Cytoplasm,1,6
24,656.0,259.0,Nascent,Cytoplasm,1,6
25,692.0,325.0,Nascent,Cytoplasm,1,6
26,365.0,703.0,Nascent,Cytoplasm,1,7
27,1214.0,1203.0,Nascent,Cytoplasm,1,11
28,1097.0,1222.0,Nascent,Nucleus,1,11
29,1195.0,1240.0,Nascent,Cytoplasm,1,11
30,1124.0,1129.0,Nascent,Nucleus,1,11
31,1185.0,1148.0,Nascent,Nucleus,1,11
32,1259.0,1192.0,Nascent,Cytoplasm,1,11
33,1167.0,1227.0,Nascent,Nucleus,1,11
34,,,No Spots,NA,2,11
35,1283.0,1598.0,Nascent,Cytoplasm,2,12
36,579.0,1209.0,Nascent,Nucleus,1,12
37,559.0,1178.0,Nascent,Nucleus,1,12
38,560.0,1178.0,Nascent,Nucleus,1,12
39,559.0,1177.0,Nascent,Nucleus,1,12
40,560.0,1180.0,Nascent,Nucleus,1,12
41,1368.0,1441.0,Nascent,Cytoplasm,2,12
42,913.0,823.0,Nascent,Cytoplasm,1,15
43,892.0,827.0,Nascent,Cytoplasm,1,15
44,951.0,848.0,Nascent,Cytoplasm,1,15
45,915.0,848.0,Nascent,Cytoplasm,1,15
46,898.0,903.0,Nascent,Cytoplasm,1,15
47,947.0,934.0,Nascent,Cytoplasm,1,15
48,978.0,936.0,Nascent,Nucleus,1,15
49,1024.0,1103.0,Nascent,Nucleus,1,15
50,917.0,825.0,Nascent,Cytoplasm,1,15
51,891.0,828.0,Nascent,Cytoplasm,1,15
52,953.0,845.0,Nascent,Cytoplasm,1,15
53,1048.0,937.0,Nascent,Nucleus,1,15
54,1038.0,1101.0,Nascent,Cytoplasm,1,15
55,903.0,823.0,Nascent,Cytoplasm,1,15
56,912.0,824.0,Nascent,Cytoplasm,1,15
57,901.0,826.0,Nascent,Cytoplasm,1,15
58,897.0,827.0,Nascent,Cytoplasm,1,15
59,920.0,827.0,Nascent,Cytoplasm,1,15
60,897.0,831.0,Nascent,Cytoplasm,1,15
61,907.0,855.0,Nascent,Cytoplasm,1,15
62,911.0,856.0,Nascent,Cytoplasm,1,15
63,910.0,862.0,Nascent,Cytoplasm,1,15
64,913.0,864.0,Nascent,Cytoplasm,1,15
65,1036.0,1069.0,Nascent,Nucleus,1,15
66,1311.0,629.0,Nascent,Cytoplasm,3,22
67,518.0,686.0,Nascent,Cytoplasm,2,22
68,570.0,744.0,Nascent,Cytoplasm,2,22
69,602.0,786.0,Nascent,Cytoplasm,2,22
70,554.0,803.0,Nascent,Nucleus,2,22
71,592.0,848.0,Nascent,Cytoplasm,2,22
72,521.0,925.0,Nascent,Cytoplasm,2,22
73,426.0,929.0,Nascent,Nucleus,2,22
74,454.0,942.0,Nascent,Nucleus,2,22
75,476.0,960.0,Nascent,Cytoplasm,2,22
76,1340.0,685.0,Nascent,Nucleus,3,22
77,602.0,787.0,Nascent,Cytoplasm,2,22
78,1258.0,797.0,Nascent,Cytoplasm,3,22
79,522.0,924.0,Nascent,Cytoplasm,2,22
80,423.0,932.0,Nascent,Nucleus,2,22
81,454.0,943.0,Nascent,Nucleus,2,22
82,280.0,1076.0,Nascent,Cytoplasm,2,22
83,1353.0,632.0,Nascent,Cytoplasm,3,22
84,545.0,693.0,Nascent,Cytoplasm,2,22
85,543.0,696.0,Nascent,Cytoplasm,2,22
86,596.0,697.0,Nascent,Cytoplasm,2,22
87,441.0,847.0,Nascent,Nucleus,2,22
88,582.0,879.0,Nascent,Cytoplasm,2,22
89,584.0,880.0,Nascent,Cytoplasm,2,22
90,474.0,912.0,Nascent,Nucleus,2,22
91,419.0,928.0,Nascent,Cytoplasm,2,22
92,,,No Spots,NA,1,22
93,1296.0,569.0,Nascent,Cytoplasm,2,23
94,1539.0,622.0,Nascent,Nucleus,1,23
95,1571.0,646.0,Nascent,Nucleus,1,23
96,1519.0,653.0,Nascent,Cytoplasm,1,23
97,1347.0,664.0,Nascent,Cytoplasm,2,23
98,1325.0,866.0,Nascent,Nucleus,2,23
99,1370.0,869.0,Nascent,Nucleus,2,23
100,1339.0,880.0,Nascent,Nucleus,2,23
101,1253.0,902.0,Nascent,Cytoplasm,2,23
102,1368.0,902.0,Nascent,Nucleus,2,23
103,1264.0,911.0,Nascent,Cytoplasm,2,23
104,1373.0,911.0,Nascent,Cytoplasm,2,23
105,1363.0,924.0,Nascent,Cytoplasm,2,23
106,1414.0,926.0,Nascent,Cytoplasm,2,23
107,1335.0,976.0,Nascent,Cytoplasm,2,23
108,1252.0,985.0,Nascent,Cytoplasm,2,23
109,581.0,1054.0,Nascent,Nucleus,3,23
110,1550.0,451.0,Nascent,Cytoplasm,1,23
111,1526.0,631.0,Nascent,Cytoplasm,1,23
112,1557.0,679.0,Nascent,Nucleus,1,23
113,1511.0,715.0,Nascent,Cytoplasm,1,23
114,1683.0,764.0,Nascent,Cytoplasm,1,23
115,1288.0,769.0,Nascent,Nucleus,2,23
116,1606.0,806.0,Nascent,Cytoplasm,1,23
117,1393.0,809.0,Nascent,Nucleus,2,23
118,1249.0,809.0,Nascent,Cytoplasm,2,23
119,1217.0,830.0,Nascent,Cytoplasm,2,23
120,1305.0,896.0,Nascent,Cytoplasm,2,23
121,1338.0,1020.0,Nascent,Cytoplasm,2,23
122,1537.0,548.0,Nascent,Cytoplasm,1,23
123,1301.0,605.0,Nascent,Cytoplasm,2,23
124,1273.0,689.0,Nascent,Cytoplasm,2,23
125,1273.0,692.0,Nascent,Cytoplasm,2,23
126,1337.0,740.0,Nascent,Nucleus,2,23
127,1270.0,795.0,Nascent,Nucleus,2,23
128,1421.0,809.0,Nascent,Nucleus,2,23
129,1421.0,809.0,Nascent,Nucleus,2,23
130,1261.0,821.0,Nascent,Nucleus,2,23
131,1348.0,861.0,Nascent,Nucleus,2,23
132,1354.0,874.0,Nascent,Nucleus,2,23
133,1340.0,881.0,Nascent,Nucleus,2,23
134,1320.0,919.0,Nascent,Cytoplasm,2,23
135,1257.0,959.0,Nascent,Cytoplasm,2,23
136,1336.0,976.0,Nascent,Cytoplasm,2,23
137,556.0,1029.0,Nascent,Nucleus,3,23
138,556.0,1030.0,Nascent,Nucleus,3,23
139,526.0,1152.0,Nascent,Cytoplasm,1,25
140,615.0,1389.0,Nascent,Nucleus,1,27
141,736.0,1540.0,Nascent,Cytoplasm,1,27
142,733.0,1538.0,Nascent,Cytoplasm,1,27
143,785.0,1612.0,Nascent,Cytoplasm,1,27
144,785.0,1610.0,Nascent,Cytoplasm,1,27
145,784.0,1613.0,Nascent,Cytoplasm,1,27
146,1525.0,575.0,Nascent,Cytoplasm,1,28
147,1457.0,580.0,Nascent,Cytoplasm,1,28
148,1450.0,584.0,Nascent,Cytoplasm,1,28
149,1429.0,588.0,Nascent,Cytoplasm,1,28
150,1511.0,602.0,Nascent,Cytoplasm,1,28
151,1565.0,603.0,Nascent,Cytoplasm,1,28
152,1481.0,609.0,Nascent,Cytoplasm,1,28
153,1528.0,617.0,Nascent,Cytoplasm,1,28
154,1362.0,622.0,Nascent,Nucleus,1,28
155,1533.0,624.0,Nascent,Cytoplasm,1,28
156,1447.0,629.0,Nascent,Cytoplasm,1,28
157,1514.0,633.0,Nascent,Cytoplasm,1,28
158,1557.0,635.0,Nascent,Cytoplasm,1,28
159,1557.0,655.0,Nascent,Cytoplasm,1,28
160,1384.0,661.0,Nascent,Nucleus,1,28
161,1468.0,673.0,Nascent,Nucleus,1,28
162,1561.0,676.0,Nascent,Cytoplasm,1,28
163,1492.0,691.0,Nascent,Nucleus,1,28
164,1383.0,713.0,Nascent,Nucleus,1,28
165,1347.0,723.0,Nascent,Nucleus,1,28
166,1367.0,938.0,Nascent,Cytoplasm,2,28
167,1474.0,993.0,Nascent,Cytoplasm,2,28
168,1502.0,999.0,Nascent,Cytoplasm,2,28
169,1373.0,1016.0,Nascent,Nucleus,2,28
170,1486.0,1030.0,Nascent,Cytoplasm,2,28
171,1401.0,1065.0,Nascent,Nucleus,2,28
172,1407.0,1071.0,Nascent,Nucleus,2,28
173,1421.0,1076.0,Nascent,Nucleus,2,28
174,735.0,1328.0,Nascent,Nucleus,3,28
175,641.0,1344.0,Nascent,Cytoplasm,3,28
176,649.0,1369.0,Nascent,Cytoplasm,3,28
177,602.0,1397.0,Nascent,Cytoplasm,3,28
178,1452.0,583.0,Nascent,Cytoplasm,1,28
179,1450.0,585.0,Nascent,Cytoplasm,1,28
180,1518.0,586.0,Nascent,Cytoplasm,1,28
181,1441.0,607.0,Nascent,Cytoplasm,1,28
182,1427.0,624.0,Nascent,Nucleus,1,28
183,1475.0,639.0,Nascent,Nucleus,1,28
184,1484.0,691.0,Nascent,Nucleus,1,28
185,1528.0,693.0,Nascent,Nucleus,1,28
186,1377.0,737.0,Nascent,Nucleus,1,28
187,1446.0,1003.0,Nascent,Nucleus,2,28
188,741.0,1287.0,Nascent,Cytoplasm,3,28
189,1477.0,562.0,Nascent,Cytoplasm,1,28
190,1478.0,563.0,Nascent,Cytoplasm,1,28
191,1472.0,568.0,Nascent,Cytoplasm,1,28
192,1422.0,595.0,Nascent,Cytoplasm,1,28
193,1418.0,597.0,Nascent,Cytoplasm,1,28
194,1421.0,598.0,Nascent,Cytoplasm,1,28
195,1424.0,595.0,Nascent,Cytoplasm,1,28
196,1487.0,609.0,Nascent,Cytoplasm,1,28
197,1525.0,611.0,Nascent,Cytoplasm,1,28
198,1526.0,614.0,Nascent,Cytoplasm,1,28
199,1439.0,625.0,Nascent,Cytoplasm,1,28
200,1442.0,626.0,Nascent,Cytoplasm,1,28
201,1573.0,626.0,Nascent,Cytoplasm,1,28
202,1571.0,625.0,Nascent,Cytoplasm,1,28
203,1442.0,629.0,Nascent,Nucleus,1,28
204,1445.0,629.0,Nascent,Cytoplasm,1,28
205,1558.0,630.0,Nascent,Cytoplasm,1,28
206,1370.0,637.0,Mature,Nucleus,1,28
207,1371.0,637.0,Mature,Nucleus,1,28
208,1370.0,635.0,Mature,Nucleus,1,28
209,1370.0,637.0,Mature,Nucleus,1,28
210,1373.0,638.0,Mature,Nucleus,1,28
211,1374.0,635.0,Mature,Nucleus,1,28
212,1371.0,635.0,Mature,Nucleus,1,28
213,1372.0,633.0,Mature,Nucleus,1,28
214,1370.0,640.0,Mature,Nucleus,1,28
215,1534.0,634.0,Nascent,Cytoplasm,1,28
216,1565.0,636.0,Nascent,Cytoplasm,1,28
217,1469.0,639.0,Nascent,Nucleus,1,28
218,1470.0,642.0,Nascent,Nucleus,1,28
219,1366.0,663.0,Nascent,Nucleus,1,28
220,1409.0,763.0,Mature,Nucleus,1,28
221,1408.0,762.0,Mature,Nucleus,1,28
222,1408.0,764.0,Mature,Nucleus,1,28
223,1409.0,762.0,Mature,Nucleus,1,28
224,1409.0,764.0,Mature,Nucleus,1,28
225,1408.0,762.0,Mature,Nucleus,1,28
226,1408.0,764.0,Mature,Nucleus,1,28
227,1410.0,764.0,Mature,Nucleus,1,28
228,1408.0,762.0,Mature,Nucleus,1,28
229,1410.0,764.0,Mature,Nucleus,1,28
230,1406.0,762.0,Mature,Nucleus,1,28
231,1306.0,1065.0,Nascent,Cytoplasm,2,28
232,1397.0,1084.0,Nascent,Cytoplasm,2,28
233,677.0,1432.0,Nascent,Cytoplasm,3,28
234,636.0,1371.0,Transcription Site,Cytoplasm,3,28
235,763.0,1408.0,Transcription Site,Nucleus,3,28
236,,,No Spots,NA,1,29
237,507.0,766.0,Nascent,Nucleus,1,31
238,513.0,780.0,Nascent,Nucleus,1,31
239,503.0,783.0,Nascent,Nucleus,1,31
240,495.0,786.0,Nascent,Nucleus,1,31
241,525.0,788.0,Nascent,Nucleus,1,31
242,484.0,790.0,Nascent,Nucleus,1,31
243,502.0,800.0,Nascent,Nucleus,1,31
244,473.0,806.0,Nascent,Cytoplasm,1,31
245,520.0,807.0,Nascent,Nucleus,1,31
246,706.0,833.0,Nascent,Nucleus,1,31
247,671.0,845.0,Nascent,Nucleus,1,31
248,491.0,887.0,Nascent,Cytoplasm,1,31
249,593.0,902.0,Nascent,Cytoplasm,1,31
250,309.0,1001.0,Nascent,Cytoplasm,2,31
251,328.0,1138.0,Nascent,Cytoplasm,2,31
252,317.0,1143.0,Nascent,Nucleus,2,31
253,327.0,1153.0,Nascent,Cytoplasm,2,31
254,1538.0,1158.0,Nascent,Cytoplasm,3,31
255,1403.0,1204.0,Nascent,Cytoplasm,3,31
256,1453.0,1224.0,Nascent,Nucleus,3,31
257,309.0,1226.0,Nascent,Cytoplasm,2,31
258,200.0,1242.0,Nascent,Nucleus,2,31
259,1341.0,1317.0,Nascent,Cytoplasm,3,31
260,1289.0,1436.0,Nascent,Cytoplasm,3,31
261,541.0,772.0,Nascent,Nucleus,1,31
262,536.0,776.0,Nascent,Nucleus,1,31
263,525.0,819.0,Nascent,Nucleus,1,31
264,502.0,826.0,Nascent,Nucleus,1,31
265,707.0,834.0,Nascent,Nucleus,1,31
266,1583.0,1144.0,Nascent,Cytoplasm,3,31
267,1460.0,1235.0,Nascent,Nucleus,3,31
268,1409.0,1281.0,Nascent,Nucleus,3,31
269,1352.0,1348.0,Nascent,Cytoplasm,3,31
270,537.0,770.0,Nascent,Nucleus,1,31
271,507.0,780.0,Nascent,Nucleus,1,31
272,512.0,782.0,Nascent,Nucleus,1,31
273,509.0,780.0,Nascent,Nucleus,1,31
274,526.0,782.0,Nascent,Nucleus,1,31
275,539.0,788.0,Nascent,Nucleus,1,31
276,539.0,786.0,Nascent,Nucleus,1,31
277,542.0,788.0,Nascent,Nucleus,1,31
278,524.0,789.0,Nascent,Nucleus,1,31
279,501.0,796.0,Nascent,Nucleus,1,31
280,502.0,806.0,Nascent,Nucleus,1,31
281,519.0,809.0,Nascent,Nucleus,1,31
282,501.0,812.0,Nascent,Nucleus,1,31
283,536.0,812.0,Nascent,Nucleus,1,31
284,503.0,814.0,Nascent,Nucleus,1,31
285,503.0,819.0,Nascent,Nucleus,1,31
286,520.0,820.0,Nascent,Nucleus,1,31
287,329.0,1154.0,Nascent,Cytoplasm,2,31
288,1357.0,1189.0,Nascent,Cytoplasm,3,31
289,1358.0,1188.0,Nascent,Cytoplasm,3,31
290,1423.0,1225.0,Nascent,Nucleus,3,31
291,1422.0,1226.0,Nascent,Nucleus,3,31
292,1362.0,1291.0,Nascent,Nucleus,3,31
293,919.0,710.0,Nascent,Cytoplasm,1,32
294,912.0,712.0,Nascent,Cytoplasm,1,32
295,934.0,745.0,Nascent,Cytoplasm,1,32
296,848.0,757.0,Nascent,Nucleus,1,32
297,910.0,759.0,Nascent,Cytoplasm,1,32
298,913.0,780.0,Nascent,Cytoplasm,1,32
299,817.0,781.0,Nascent,Nucleus,1,32
300,841.0,785.0,Nascent,Nucleus,1,32
301,807.0,808.0,Nascent,Nucleus,1,32
302,896.0,810.0,Nascent,Cytoplasm,1,32
303,510.0,822.0,Nascent,Cytoplasm,2,32
304,810.0,837.0,Nascent,Nucleus,1,32
305,552.0,839.0,Nascent,Cytoplasm,2,32
306,600.0,843.0,Nascent,Cytoplasm,2,32
307,566.0,857.0,Nascent,Cytoplasm,2,32
308,834.0,900.0,Nascent,Cytoplasm,1,32
309,580.0,924.0,Nascent,Cytoplasm,2,32
310,561.0,933.0,Nascent,Nucleus,2,32
311,561.0,955.0,Nascent,Nucleus,2,32
312,457.0,998.0,Nascent,Nucleus,2,32
313,538.0,999.0,Nascent,Cytoplasm,2,32
314,482.0,1018.0,Nascent,Nucleus,2,32
315,529.0,1021.0,Nascent,Cytoplasm,2,32
316,793.0,1317.0,Nascent,Cytoplasm,3,32
317,1082.0,1327.0,Nascent,Cytoplasm,3,32
318,1052.0,1333.0,Nascent,Cytoplasm,3,32
319,1126.0,1331.0,Nascent,Cytoplasm,3,32
320,1073.0,1356.0,Nascent,Cytoplasm,3,32
321,1061.0,1392.0,Nascent,Cytoplasm,3,32
322,1055.0,1397.0,Nascent,Cytoplasm,3,32
323,1012.0,1421.0,Nascent,Cytoplasm,3,32
324,914.0,744.0,Nascent,Cytoplasm,1,32
325,838.0,826.0,Nascent,Nucleus,1,32
326,601.0,844.0,Nascent,Cytoplasm,2,32
327,860.0,846.0,Nascent,Cytoplasm,1,32
328,567.0,856.0,Nascent,Cytoplasm,2,32
329,619.0,973.0,Nascent,Cytoplasm,2,32
330,525.0,1000.0,Nascent,Nucleus,2,32
331,1052.0,1305.0,Nascent,Cytoplasm,3,32
332,1137.0,1381.0,Nascent,Cytoplasm,3,32
333,988.0,1423.0,Nascent,Nucleus,3,32
334,732.0,638.0,Nascent,Cytoplasm,1,32
335,912.0,715.0,Nascent,Cytoplasm,1,32
336,911.0,760.0,Nascent,Cytoplasm,1,32
337,952.0,782.0,Nascent,Cytoplasm,1,32
338,914.0,796.0,Nascent,Cytoplasm,1,32
339,913.0,800.0,Nascent,Cytoplasm,1,32
340,891.0,800.0,Nascent,Nucleus,1,32
341,892.0,799.0,Nascent,Nucleus,1,32
342,901.0,806.0,Nascent,Cytoplasm,1,32
343,885.0,812.0,Nascent,Nucleus,1,32
344,886.0,815.0,Nascent,Cytoplasm,1,32
345,888.0,813.0,Nascent,Cytoplasm,1,32
346,893.0,813.0,Nascent,Cytoplasm,1,32
347,534.0,821.0,Nascent,Cytoplasm,2,32
348,535.0,822.0,Nascent,Cytoplasm,2,32
349,534.0,818.0,Nascent,Cytoplasm,2,32
350,854.0,835.0,Nascent,Nucleus,1,32
351,853.0,837.0,Nascent,Nucleus,1,32
352,561.0,917.0,Nascent,Nucleus,2,32
353,560.0,918.0,Nascent,Nucleus,2,32
354,560.0,922.0,Nascent,Nucleus,2,32
355,441.0,924.0,Nascent,Nucleus,2,32
356,590.0,956.0,Nascent,Cytoplasm,2,32
357,592.0,957.0,Nascent,Cytoplasm,2,32
358,589.0,957.0,Nascent,Cytoplasm,2,32
359,557.0,1014.0,Nascent,Cytoplasm,2,32
360,559.0,1013.0,Nascent,Cytoplasm,2,32
361,1054.0,1336.0,Nascent,Cytoplasm,3,32
362,880.0,1361.0,Nascent,Cytoplasm,3,32
363,880.0,1361.0,Nascent,Cytoplasm,3,32
364,1064.0,1375.0,Nascent,Cytoplasm,3,32
365,,,No Spots,NA,4,32
366,570.0,411.0,Nascent,Cytoplasm,2,33
367,709.0,506.0,Nascent,Nucleus,2,33
368,921.0,577.0,Nascent,Cytoplasm,2,33
369,1155.0,384.0,Mature,Cytoplasm,1,33
370,1152.0,385.0,Mature,Cytoplasm,1,33
371,1155.0,386.0,Mature,Cytoplasm,1,33
372,1152.0,383.0,Mature,Cytoplasm,1,33
373,1155.0,384.0,Mature,Cytoplasm,1,33
374,1151.0,386.0,Mature,Cytoplasm,1,33
375,1155.0,386.0,Mature,Cytoplasm,1,33
376,1152.0,383.0,Mature,Cytoplasm,1,33
377,1153.0,388.0,Mature,Cytoplasm,1,33
378,1156.0,381.0,Mature,Cytoplasm,1,33
379,827.0,655.0,Nascent,Cytoplasm,2,33
380,551.0,1273.0,Nascent,Nucleus,1,34
381,651.0,1409.0,Nascent,Nucleus,1,34
382,650.0,1423.0,Nascent,Nucleus,1,34
383,642.0,1415.0,Nascent,Nucleus,1,34
384,731.0,1402.0,Nascent,Cytoplasm,1,34
385,686.0,1424.0,Nascent,Cytoplasm,1,34
386,663.0,1424.0,Nascent,Nucleus,1,34
387,844.0,468.0,Mature,Cytoplasm,1,35
388,842.0,481.0,Mature,Cytoplasm,1,35
389,866.0,497.0,Mature,Cytoplasm,1,35
390,838.0,618.0,Nascent,Cytoplasm,1,35
391,914.0,651.0,Nascent,Cytoplasm,1,35
392,874.0,662.0,Nascent,Nucleus,1,35
393,959.0,672.0,Nascent,Cytoplasm,1,35
394,954.0,675.0,Nascent,Cytoplasm,1,35
395,1003.0,679.0,Nascent,Cytoplasm,1,35
396,768.0,696.0,Nascent,Cytoplasm,1,35
397,989.0,695.0,Nascent,Cytoplasm,1,35
398,803.0,697.0,Nascent,Cytoplasm,1,35
399,799.0,762.0,Nascent,Cytoplasm,1,35
400,809.0,762.0,Nascent,Cytoplasm,1,35
401,982.0,772.0,Nascent,Nucleus,1,35
402,1021.0,808.0,Nascent,Cytoplasm,1,35
403,890.0,834.0,Nascent,Nucleus,1,35
404,1014.0,840.0,Nascent,Cytoplasm,1,35
405,1011.0,851.0,Nascent,Cytoplasm,1,35
406,933.0,863.0,Nascent,Nucleus,1,35
407,1009.0,864.0,Nascent,Cytoplasm,1,35
408,936.0,879.0,Nascent,Nucleus,1,35
409,930.0,886.0,Nascent,Cytoplasm,1,35
410,882.0,891.0,Nascent,Cytoplasm,1,35
411,1004.0,921.0,Nascent,Cytoplasm,1,35
412,972.0,982.0,Nascent,Cytoplasm,1,35
413,995.0,1020.0,Nascent,Cytoplasm,1,35
414,1022.0,1060.0,Nascent,Cytoplasm,1,35
415,869.0,1473.0,Nascent,Cytoplasm,2,35
416,848.0,471.0,Mature,Cytoplasm,1,35
417,861.0,478.0,Mature,Cytoplasm,1,35
418,844.0,478.0,Mature,Cytoplasm,1,35
419,850.0,478.0,Mature,Cytoplasm,1,35
420,845.0,493.0,Mature,Cytoplasm,1,35
421,846.0,498.0,Mature,Cytoplasm,1,35
422,850.0,499.0,Mature,Cytoplasm,1,35
423,870.0,506.0,Mature,Cytoplasm,1,35
424,866.0,512.0,Mature,Cytoplasm,1,35
425,785.0,688.0,Nascent,Cytoplasm,1,35
426,698.0,702.0,Nascent,Cytoplasm,1,35
427,1024.0,782.0,Nascent,Cytoplasm,1,35
428,992.0,809.0,Nascent,Nucleus,1,35
429,891.0,834.0,Nascent,Nucleus,1,35
430,1015.0,841.0,Nascent,Cytoplasm,1,35
431,857.0,852.0,Nascent,Cytoplasm,1,35
432,940.0,857.0,Nascent,Nucleus,1,35
433,916.0,860.0,Nascent,Nucleus,1,35
434,851.0,865.0,Nascent,Cytoplasm,1,35
435,989.0,892.0,Nascent,Cytoplasm,1,35
436,984.0,896.0,Nascent,Cytoplasm,1,35
437,942.0,901.0,Nascent,Cytoplasm,1,35
438,1018.0,945.0,Nascent,Cytoplasm,1,35
439,1008.0,973.0,Nascent,Cytoplasm,1,35
440,1025.0,1019.0,Nascent,Cytoplasm,1,35
441,870.0,1472.0,Nascent,Cytoplasm,2,35
442,845.0,475.0,Mature,Cytoplasm,1,35
443,846.0,475.0,Mature,Cytoplasm,1,35
444,856.0,475.0,Mature,Cytoplasm,1,35
445,852.0,475.0,Mature,Cytoplasm,1,35
446,862.0,475.0,Mature,Cytoplasm,1,35
447,854.0,500.0,Mature,Cytoplasm,1,35
448,855.0,501.0,Mature,Cytoplasm,1,35
449,859.0,502.0,Mature,Cytoplasm,1,35
450,862.0,502.0,Mature,Cytoplasm,1,35
451,858.0,503.0,Mature,Cytoplasm,1,35
452,865.0,505.0,Mature,Cytoplasm,1,35
453,862.0,504.0,Mature,Cytoplasm,1,35
454,865.0,503.0,Mature,Cytoplasm,1,35
455,860.0,506.0,Mature,Cytoplasm,1,35
456,860.0,506.0,Mature,Cytoplasm,1,35
457,972.0,659.0,Nascent,Cytoplasm,1,35
458,971.0,658.0,Nascent,Cytoplasm,1,35
459,971.0,660.0,Nascent,Cytoplasm,1,35
460,1026.0,879.0,Nascent,Cytoplasm,1,35
461,1027.0,877.0,Nascent,Cytoplasm,1,35
462,1025.0,877.0,Nascent,Cytoplasm,1,35
463,1027.0,879.0,Nascent,Cytoplasm,1,35
464,1124.0,1523.0,Nascent,Nucleus,2,36
465,1181.0,1555.0,Nascent,Nucleus,2,36
466,1204.0,1524.0,Nascent,Nucleus,2,36
467,1204.0,1524.0,Nascent,Nucleus,2,36
468,1205.0,1525.0,Nascent,Nucleus,2,36
469,1203.0,1523.0,Nascent,Nucleus,2,36
470,1102.0,1577.0,Nascent,Nucleus,2,36
471,1102.0,1577.0,Nascent,Nucleus,2,36
472,1101.0,1576.0,Nascent,Nucleus,2,36
473,1103.0,1578.0,Nascent,Nucleus,2,36
474,,,No Spots,NA,1,36
475,802.0,259.0,Nascent,Nucleus,1,38
476,785.0,268.0,Nascent,Nucleus,1,38
477,766.0,283.0,Nascent,Nucleus,1,38
478,731.0,320.0,Nascent,Nucleus,1,38
479,731.0,315.0,Nascent,Nucleus,1,38
480,733.0,317.0,Nascent,Nucleus,1,38
481,771.0,284.0,Nascent,Nucleus,1,38
482,1460.0,377.0,Nascent,Nucleus,1,39
483,1453.0,434.0,Nascent,Cytoplasm,1,39
484,1281.0,436.0,Nascent,Cytoplasm,2,39
485,1545.0,441.0,Nascent,Nucleus,1,39
486,1470.0,442.0,Nascent,Nucleus,1,39
487,1115.0,454.0,Nascent,Cytoplasm,2,39
488,1459.0,456.0,Nascent,Cytoplasm,1,39
489,1045.0,696.0,Mature,Nucleus,3,39
490,988.0,760.0,Nascent,Nucleus,3,39
491,892.0,789.0,Nascent,Cytoplasm,3,39
492,1157.0,832.0,Nascent,Cytoplasm,3,39
493,991.0,831.0,Nascent,Cytoplasm,3,39
494,965.0,861.0,Nascent,Cytoplasm,3,39
495,1321.0,1168.0,Nascent,Cytoplasm,4,39
496,1310.0,1180.0,Nascent,Cytoplasm,4,39
497,1471.0,1194.0,Nascent,Cytoplasm,4,39
498,1329.0,1234.0,Nascent,Cytoplasm,4,39
499,1335.0,1236.0,Nascent,Cytoplasm,4,39
500,1326.0,1252.0,Nascent,Cytoplasm,4,39
501,1337.0,1266.0,Nascent,Cytoplasm,4,39
502,1412.0,1324.0,Nascent,Cytoplasm,4,39
503,1467.0,353.0,Nascent,Nucleus,1,39
504,1461.0,409.0,Nascent,Nucleus,1,39
505,1123.0,417.0,Nascent,Nucleus,2,39
506,1468.0,458.0,Nascent,Nucleus,1,39
507,1164.0,459.0,Nascent,Cytoplasm,2,39
508,1479.0,468.0,Nascent,Nucleus,1,39
509,1179.0,472.0,Nascent,Cytoplasm,2,39
510,1135.0,483.0,Nascent,Cytoplasm,2,39
511,1496.0,502.0,Nascent,Cytoplasm,1,39
512,1233.0,559.0,Nascent,Cytoplasm,2,39
513,988.0,761.0,Nascent,Nucleus,3,39
514,946.0,787.0,Nascent,Nucleus,3,39
515,1158.0,830.0,Nascent,Cytoplasm,3,39
516,966.0,861.0,Nascent,Cytoplasm,3,39
517,1330.0,1156.0,Nascent,Cytoplasm,4,39
518,1469.0,1220.0,Nascent,Cytoplasm,4,39
519,1329.0,1235.0,Nascent,Cytoplasm,4,39
520,1335.0,1238.0,Nascent,Cytoplasm,4,39
521,1326.0,1253.0,Nascent,Cytoplasm,4,39
522,1507.0,273.0,Nascent,Cytoplasm,1,39
523,1508.0,276.0,Nascent,Cytoplasm,1,39
524,1510.0,275.0,Nascent,Cytoplasm,1,39
525,1504.0,277.0,Nascent,Cytoplasm,1,39
526,1463.0,364.0,Nascent,Nucleus,1,39
527,1458.0,412.0,Nascent,Nucleus,1,39
528,1451.0,426.0,Nascent,Cytoplasm,1,39
529,1475.0,459.0,Nascent,Nucleus,1,39
530,1162.0,462.0,Nascent,Cytoplasm,2,39
531,1476.0,465.0,Nascent,Nucleus,1,39
532,1061.0,714.0,Mature,Nucleus,3,39
533,1056.0,692.0,Mature,Cytoplasm,3,39
534,1062.0,698.0,Mature,Cytoplasm,3,39
535,1061.0,694.0,Mature,Cytoplasm,3,39
536,1063.0,705.0,Mature,Cytoplasm,3,39
537,1065.0,714.0,Mature,Cytoplasm,3,39
538,1052.0,694.0,Mature,Cytoplasm,3,39
539,1058.0,714.0,Mature,Nucleus,3,39
540,1061.0,710.0,Mature,Cytoplasm,3,39
541,1055.0,696.0,Mature,Cytoplasm,3,39
542,1061.0,701.0,Mature,Cytoplasm,3,39
543,1058.0,690.0,Mature,Cytoplasm,3,39
544,1053.0,691.0,Mature,Cytoplasm,3,39
545,1058.0,707.0,Mature,Cytoplasm,3,39
546,1059.0,694.0,Mature,Cytoplasm,3,39
547,1064.0,710.0,Mature,Cytoplasm,3,39
548,1054.0,712.0,Mature,Nucleus,3,39
549,1056.0,702.0,Mature,Cytoplasm,3,39
550,1060.0,704.0,Mature,Cytoplasm,3,39
551,1050.0,695.0,Mature,Cytoplasm,3,39
552,1052.0,709.0,Mature,Nucleus,3,39
553,1063.0,733.0,Nascent,Nucleus,3,39
554,926.0,821.0,Nascent,Cytoplasm,3,39
555,1008.0,831.0,Nascent,Nucleus,3,39
556,985.0,837.0,Nascent,Cytoplasm,3,39
557,1474.0,1245.0,Nascent,Cytoplasm,4,39
558,1456.0,1286.0,Nascent,Cytoplasm,4,39
559,1338.0,1289.0,Nascent,Cytoplasm,4,39
560,773.0,1502.0,Nascent,Nucleus,2,41
561,,,No Spots,NA,1,41
562,1264.0,310.0,Nascent,Cytoplasm,1,42
563,437.0,458.0,Nascent,Cytoplasm,2,42
564,630.0,678.0,Nascent,Cytoplasm,3,42
565,506.0,708.0,Nascent,Nucleus,3,42
566,418.0,815.0,Nascent,Cytoplasm,3,42
567,476.0,873.0,Nascent,Nucleus,3,42
568,578.0,854.0,Nascent,Cytoplasm,3,42
569,1250.0,408.0,Nascent,Nucleus,1,42
570,416.0,769.0,Nascent,Cytoplasm,3,42
571,470.0,784.0,Nascent,Nucleus,3,42
572,1022.0,223.0,Nascent,Nucleus,1,43
573,1018.0,257.0,Nascent,Nucleus,1,43
574,833.0,374.0,Nascent,Cytoplasm,2,43
575,1046.0,375.0,Nascent,Cytoplasm,1,43
576,1030.0,582.0,Nascent,Cytoplasm,1,43
577,1017.0,285.0,Nascent,Nucleus,1,43
578,1360.0,903.0,Nascent,Cytoplasm,1,44
579,1342.0,951.0,Nascent,Cytoplasm,1,44
580,1348.0,971.0,Nascent,Cytoplasm,1,44
581,1339.0,972.0,Nascent,Cytoplasm,1,44
582,1355.0,999.0,Nascent,Nucleus,1,44
583,1349.0,1024.0,Nascent,Cytoplasm,1,44
584,1489.0,1044.0,Nascent,Cytoplasm,1,44
585,1367.0,1068.0,Nascent,Cytoplasm,1,44
586,1496.0,1129.0,Nascent,Cytoplasm,1,44
587,712.0,1166.0,Nascent,Cytoplasm,2,44
588,726.0,1168.0,Nascent,Cytoplasm,2,44
589,813.0,1231.0,Nascent,Nucleus,2,44
590,739.0,1236.0,Nascent,Nucleus,2,44
591,872.0,1237.0,Nascent,Nucleus,2,44
592,1265.0,1338.0,Nascent,Nucleus,3,44
593,1166.0,1381.0,Nascent,Cytoplasm,3,44
594,1247.0,1463.0,Nascent,Cytoplasm,3,44
595,1233.0,1479.0,Nascent,Cytoplasm,3,44
596,1292.0,1499.0,Nascent,Cytoplasm,3,44
597,1360.0,884.0,Nascent,Cytoplasm,1,44
598,1396.0,899.0,Nascent,Cytoplasm,1,44
599,1352.0,917.0,Nascent,Cytoplasm,1,44
600,1430.0,920.0,Nascent,Nucleus,1,44
601,1320.0,1005.0,Nascent,Cytoplasm,1,44
602,1382.0,1029.0,Nascent,Nucleus,1,44
603,1382.0,1029.0,Nascent,Nucleus,1,44
604,1366.0,1067.0,Nascent,Cytoplasm,1,44
605,1386.0,1069.0,Nascent,Nucleus,1,44
606,1497.0,1129.0,Nascent,Cytoplasm,1,44
607,888.0,1198.0,Nascent,Nucleus,2,44
608,740.0,1236.0,Nascent,Nucleus,2,44
609,872.0,1238.0,Nascent,Nucleus,2,44
610,875.0,1264.0,Nascent,Nucleus,2,44
611,876.0,1263.0,Nascent,Nucleus,2,44
612,1265.0,1337.0,Nascent,Nucleus,3,44
613,1200.0,1402.0,Nascent,Cytoplasm,3,44
614,1293.0,1499.0,Nascent,Cytoplasm,3,44
615,1111.0,1241.0,Nascent,Cytoplasm,1,45
616,1330.0,1252.0,Nascent,Cytoplasm,1,45
617,1294.0,1294.0,Nascent,Cytoplasm,1,45
618,1284.0,1318.0,Nascent,Cytoplasm,1,45
619,1229.0,1325.0,Nascent,Nucleus,1,45
620,1324.0,1327.0,Nascent,Cytoplasm,1,45
621,1089.0,1354.0,Nascent,Nucleus,1,45
622,1214.0,1369.0,Nascent,Nucleus,1,45
623,1142.0,1420.0,Nascent,Cytoplasm,1,45
624,1130.0,1427.0,Nascent,Cytoplasm,1,45
625,1433.0,1226.0,Nascent,Cytoplasm,1,45
626,1248.0,1280.0,Nascent,Nucleus,1,45
627,1300.0,1329.0,Nascent,Cytoplasm,1,45
628,1141.0,1353.0,Nascent,Nucleus,1,45
629,1238.0,1374.0,Nascent,Nucleus,1,45
630,1312.0,1279.0,Nascent,Cytoplasm,1,45
631,1313.0,1280.0,Nascent,Cytoplasm,1,45
632,1212.0,1384.0,Nascent,Nucleus,1,45
633,,,No Spots,NA,2,45
634,985.0,471.0,Nascent,Nucleus,1,48
635,1012.0,481.0,Nascent,Nucleus,1,48
636,992.0,488.0,Nascent,Nucleus,1,48
637,862.0,490.0,Nascent,Nucleus,1,48
638,1100.0,500.0,Nascent,Cytoplasm,1,48
639,1092.0,502.0,Nascent,Cytoplasm,1,48
640,1024.0,505.0,Mature,Nucleus,1,48
641,1052.0,508.0,Nascent,Cytoplasm,1,48
642,1026.0,515.0,Nascent,Nucleus,1,48
643,1034.0,524.0,Nascent,Nucleus,1,48
644,1103.0,527.0,Nascent,Cytoplasm,1,48
645,1074.0,537.0,Nascent,Cytoplasm,1,48
646,1038.0,555.0,Nascent,Cytoplasm,1,48
647,666.0,560.0,Nascent,Cytoplasm,1,48
648,1026.0,564.0,Nascent,Cytoplasm,1,48
649,990.0,568.0,Nascent,Nucleus,1,48
650,988.0,571.0,Nascent,Nucleus,1,48
651,961.0,581.0,Nascent,Nucleus,1,48
652,948.0,486.0,Nascent,Nucleus,1,48
653,1078.0,497.0,Nascent,Cytoplasm,1,48
654,667.0,561.0,Nascent,Cytoplasm,1,48
655,988.0,573.0,Nascent,Nucleus,1,48
656,990.0,473.0,Nascent,Nucleus,1,48
657,998.0,487.0,Nascent,Nucleus,1,48
658,1022.0,493.0,Mature,Nucleus,1,48
659,1022.0,495.0,Mature,Nucleus,1,48
660,1021.0,489.0,Mature,Nucleus,1,48
661,1028.0,495.0,Mature,Nucleus,1,48
662,1024.0,498.0,Mature,Nucleus,1,48
663,1034.0,499.0,Mature,Nucleus,1,48
664,1031.0,495.0,Mature,Nucleus,1,48
665,1036.0,501.0,Mature,Nucleus,1,48
666,1012.0,500.0,Nascent,Nucleus,1,48
667,1050.0,520.0,Nascent,Cytoplasm,1,48
668,1044.0,523.0,Nascent,Nucleus,1,48
669,1047.0,522.0,Nascent,Cytoplasm,1,48
670,1034.0,528.0,Nascent,Nucleus,1,48
671,1033.0,531.0,Nascent,Nucleus,1,48
672,1120.0,527.0,Nascent,Cytoplasm,1,48
673,1015.0,565.0,Nascent,Nucleus,1,48
674,974.0,572.0,Nascent,Nucleus,1,48
675,938.0,577.0,Nascent,Nucleus,1,48
676,1555.0,383.0,Nascent,Cytoplasm,1,49
677,1543.0,425.0,Nascent,Cytoplasm,1,49
678,1554.0,426.0,Nascent,Cytoplasm,1,49
679,1541.0,434.0,Nascent,Cytoplasm,1,49
680,1527.0,462.0,Nascent,Cytoplasm,1,49
681,1565.0,505.0,Nascent,Cytoplasm,1,49
682,1450.0,740.0,Nascent,Nucleus,2,49
683,1503.0,741.0,Nascent,Cytoplasm,2,49
684,1541.0,428.0,Nascent,Cytoplasm,1,49
685,1569.0,513.0,Nascent,Cytoplasm,1,49
686,1507.0,651.0,Nascent,Cytoplasm,2,49
687,1544.0,426.0,Nascent,Cytoplasm,1,49
688,1412.0,642.0,Nascent,Cytoplasm,2,49
689,1413.0,752.0,Nascent,Cytoplasm,2,49
690,1313.0,1111.0,Nascent,Cytoplasm,1,50
691,1301.0,1168.0,Nascent,Cytoplasm,1,50
692,1238.0,1235.0,Nascent,Cytoplasm,1,50
693,1320.0,1336.0,Nascent,Nucleus,1,50
694,1330.0,1346.0,Nascent,Nucleus,1,50
695,1358.0,1340.0,Nascent,Nucleus,1,50
696,1337.0,1343.0,Nascent,Nucleus,1,50
697,1329.0,1347.0,Nascent,Nucleus,1,50
698,1319.0,1352.0,Nascent,Nucleus,1,50
699,1314.0,1360.0,Nascent,Nucleus,1,50
700,1309.0,1361.0,Nascent,Nucleus,1,50
701,1332.0,1128.0,Nascent,Cytoplasm,1,50
702,1342.0,1339.0,Nascent,Nucleus,1,50
703,1303.0,1358.0,Nascent,Nucleus,1,50
704,1248.0,1362.0,Nascent,Nucleus,1,50
705,761.0,509.0,Nascent,Nucleus,1,52
706,871.0,546.0,Nascent,Nucleus,1,52
707,691.0,550.0,Nascent,Nucleus,1,52
708,671.0,560.0,Nascent,Nucleus,1,52
709,865.0,592.0,Nascent,Nucleus,1,52
710,650.0,611.0,Nascent,Cytoplasm,1,52
711,788.0,645.0,Nascent,Cytoplasm,1,52
712,709.0,745.0,Nascent,Cytoplasm,1,52
713,756.0,481.0,Nascent,Nucleus,1,52
714,933.0,511.0,Nascent,Cytoplasm,1,52
715,689.0,587.0,Nascent,Cytoplasm,1,52
716,737.0,590.0,Nascent,Nucleus,1,52
717,,,No Spots,NA,2,52
718,954.0,381.0,Nascent,Cytoplasm,1,53
719,930.0,412.0,Nascent,Cytoplasm,1,53
720,840.0,492.0,Nascent,Nucleus,1,53
721,821.0,514.0,Nascent,Cytoplasm,1,53
722,921.0,518.0,Nascent,Nucleus,1,53
723,795.0,579.0,Nascent,Cytoplasm,1,53
724,953.0,587.0,Nascent,Cytoplasm,1,53
725,896.0,712.0,Nascent,Nucleus,1,53
726,795.0,736.0,Nascent,Cytoplasm,1,53
727,928.0,741.0,Nascent,Cytoplasm,1,53
728,1592.0,755.0,Nascent,Cytoplasm,2,53
729,1307.0,759.0,Nascent,Cytoplasm,4,53
730,1576.0,785.0,Nascent,Cytoplasm,2,53
731,1588.0,792.0,Nascent,Cytoplasm,2,53
732,1608.0,815.0,Nascent,Cytoplasm,2,53
733,1232.0,816.0,Nascent,Nucleus,4,53
734,1640.0,819.0,Nascent,Cytoplasm,2,53
735,1593.0,842.0,Nascent,Cytoplasm,2,53
736,1602.0,847.0,Nascent,Cytoplasm,2,53
737,1635.0,855.0,Nascent,Cytoplasm,2,53
738,1253.0,860.0,Nascent,Nucleus,4,53
739,1654.0,863.0,Nascent,Cytoplasm,2,53
740,309.0,871.0,Nascent,Nucleus,3,53
741,1294.0,877.0,Nascent,Cytoplasm,4,53
742,1661.0,878.0,Nascent,Cytoplasm,2,53
743,1617.0,883.0,Nascent,Nucleus,2,53
744,1302.0,911.0,Nascent,Cytoplasm,4,53
745,1278.0,925.0,Nascent,Cytoplasm,4,53
746,379.0,926.0,Nascent,Nucleus,3,53
747,481.0,930.0,Nascent,Cytoplasm,3,53
748,1297.0,983.0,Nascent,Cytoplasm,4,53
749,585.0,1215.0,Nascent,Cytoplasm,5,53
750,580.0,1254.0,Nascent,Cytoplasm,5,53
751,571.0,1300.0,Nascent,Cytoplasm,5,53
752,656.0,1327.0,Nascent,Nucleus,5,53
753,520.0,1356.0,Nascent,Cytoplasm,5,53
754,521.0,1411.0,Nascent,Cytoplasm,5,53
755,961.0,1459.0,Nascent,Cytoplasm,6,53
756,847.0,488.0,Nascent,Nucleus,1,53
757,829.0,510.0,Nascent,Nucleus,1,53
758,807.0,727.0,Nascent,Cytoplasm,1,53
759,1277.0,860.0,Nascent,Nucleus,4,53
760,1625.0,872.0,Nascent,Nucleus,2,53
761,1291.0,883.0,Nascent,Cytoplasm,4,53
762,1618.0,883.0,Nascent,Nucleus,2,53
763,1303.0,913.0,Nascent,Cytoplasm,4,53
764,482.0,930.0,Nascent,Cytoplasm,3,53
765,1295.0,982.0,Nascent,Cytoplasm,4,53
766,633.0,1296.0,Nascent,Nucleus,5,53
767,960.0,1466.0,Nascent,Cytoplasm,6,53
768,933.0,363.0,Nascent,Cytoplasm,1,53
769,866.0,483.0,Nascent,Nucleus,1,53
770,869.0,484.0,Nascent,Nucleus,1,53
771,874.0,489.0,Nascent,Nucleus,1,53
772,790.0,573.0,Nascent,Cytoplasm,1,53
773,811.0,724.0,Nascent,Cytoplasm,1,53
774,796.0,740.0,Nascent,Cytoplasm,1,53
775,791.0,760.0,Mature,Cytoplasm,1,53
776,792.0,754.0,Mature,Cytoplasm,1,53
777,795.0,763.0,Mature,Cytoplasm,1,53
778,794.0,759.0,Mature,Cytoplasm,1,53
779,797.0,758.0,Mature,Cytoplasm,1,53
780,792.0,765.0,Mature,Cytoplasm,1,53
781,800.0,777.0,Mature,Cytoplasm,1,53
782,809.0,778.0,Mature,Cytoplasm,1,53
783,804.0,786.0,Mature,Cytoplasm,1,53
784,802.0,782.0,Mature,Cytoplasm,1,53
785,807.0,765.0,Mature,Cytoplasm,1,53
786,809.0,783.0,Mature,Cytoplasm,1,53
787,807.0,772.0,Mature,Cytoplasm,1,53
788,809.0,789.0,Mature,Cytoplasm,1,53
789,802.0,777.0,Mature,Cytoplasm,1,53
790,799.0,785.0,Mature,Cytoplasm,1,53
791,802.0,768.0,Mature,Cytoplasm,1,53
792,810.0,766.0,Mature,Cytoplasm,1,53
793,801.0,788.0,Mature,Cytoplasm,1,53
794,807.0,768.0,Mature,Cytoplasm,1,53
795,807.0,779.0,Mature,Cytoplasm,1,53
796,801.0,774.0,Mature,Cytoplasm,1,53
797,807.0,787.0,Mature,Cytoplasm,1,53
798,809.0,762.0,Mature,Cytoplasm,1,53
799,804.0,781.0,Mature,Cytoplasm,1,53
800,805.0,775.0,Mature,Cytoplasm,1,53
801,811.0,774.0,Mature,Cytoplasm,1,53
802,799.0,780.0,Mature,Cytoplasm,1,53
803,797.0,775.0,Mature,Cytoplasm,1,53
804,811.0,786.0,Mature,Cytoplasm,1,53
805,805.0,791.0,Mature,Cytoplasm,1,53
806,800.0,770.0,Mature,Cytoplasm,1,53
807,810.0,769.0,Mature,Cytoplasm,1,53
808,812.0,778.0,Mature,Cytoplasm,1,53
809,795.0,781.0,Mature,Cytoplasm,1,53
810,804.0,771.0,Mature,Cytoplasm,1,53
811,795.0,762.0,Mature,Cytoplasm,1,53
812,813.0,765.0,Mature,Cytoplasm,1,53
813,801.0,792.0,Mature,Cytoplasm,1,53
814,805.0,764.0,Mature,Cytoplasm,1,53
815,806.0,783.0,Mature,Cytoplasm,1,53
816,811.0,791.0,Mature,Cytoplasm,1,53
817,806.0,758.0,Mature,Cytoplasm,1,53
818,802.0,784.0,Mature,Cytoplasm,1,53
819,796.0,789.0,Mature,Cytoplasm,1,53
820,797.0,758.0,Mature,Cytoplasm,1,53
821,808.0,776.0,Mature,Cytoplasm,1,53
822,1585.0,830.0,Nascent,Cytoplasm,2,53
823,1596.0,831.0,Nascent,Cytoplasm,2,53
824,1598.0,833.0,Nascent,Cytoplasm,2,53
825,1594.0,843.0,Nascent,Cytoplasm,2,53
826,1610.0,847.0,Nascent,Cytoplasm,2,53
827,1612.0,844.0,Nascent,Cytoplasm,2,53
828,1606.0,848.0,Nascent,Cytoplasm,2,53
829,1622.0,849.0,Nascent,Cytoplasm,2,53
830,1277.0,853.0,Nascent,Cytoplasm,4,53
831,1606.0,853.0,Nascent,Cytoplasm,2,53
832,1247.0,858.0,Nascent,Nucleus,4,53
833,1246.0,859.0,Nascent,Nucleus,4,53
834,1302.0,867.0,Nascent,Cytoplasm,4,53
835,1288.0,896.0,Nascent,Cytoplasm,4,53
836,1217.0,917.0,Nascent,Nucleus,4,53
837,1221.0,918.0,Nascent,Nucleus,4,53
838,1217.0,920.0,Nascent,Nucleus,4,53
839,1272.0,929.0,Nascent,Nucleus,4,53
840,1273.0,928.0,Nascent,Nucleus,4,53
841,1292.0,932.0,Nascent,Cytoplasm,4,53
842,1666.0,955.0,Nascent,Nucleus,2,53
843,1661.0,970.0,Nascent,Nucleus,2,53
844,1196.0,973.0,Nascent,Nucleus,4,53
845,1242.0,977.0,Nascent,Nucleus,4,53
846,1239.0,988.0,Nascent,Cytoplasm,4,53
847,685.0,1278.0,Nascent,Cytoplasm,5,53
848,684.0,1277.0,Nascent,Cytoplasm,5,53
849,680.0,1374.0,Nascent,Nucleus,5,53
850,669.0,1490.0,Nascent,Cytoplasm,5,53
851,1274.0,356.0,Nascent,Cytoplasm,1,54
852,1146.0,421.0,Nascent,Cytoplasm,1,54
853,1066.0,535.0,Nascent,Cytoplasm,2,54
854,1005.0,567.0,Nascent,Cytoplasm,2,54
855,989.0,591.0,Nascent,Cytoplasm,2,54
856,939.0,600.0,Nascent,Cytoplasm,2,54
857,1019.0,618.0,Nascent,Nucleus,2,54
858,938.0,646.0,Nascent,Cytoplasm,2,54
859,902.0,662.0,Nascent,Cytoplasm,2,54
860,1111.0,663.0,Nascent,Nucleus,2,54
861,945.0,677.0,Nascent,Cytoplasm,2,54
862,934.0,703.0,Nascent,Cytoplasm,2,54
863,1113.0,708.0,Nascent,Nucleus,2,54
864,944.0,712.0,Nascent,Cytoplasm,2,54
865,985.0,736.0,Nascent,Cytoplasm,2,54
866,945.0,713.0,Nascent,Cytoplasm,2,54
867,1084.0,763.0,Nascent,Cytoplasm,2,54
868,1087.0,803.0,Nascent,Cytoplasm,2,54
869,1385.0,392.0,Nascent,Cytoplasm,1,54
870,1197.0,443.0,Nascent,Nucleus,1,54
871,1202.0,470.0,Nascent,Cytoplasm,1,54
872,1096.0,519.0,Nascent,Cytoplasm,2,54
873,1118.0,526.0,Nascent,Cytoplasm,2,54
874,1111.0,531.0,Nascent,Cytoplasm,2,54
875,987.0,568.0,Nascent,Cytoplasm,2,54
876,933.0,668.0,Nascent,Cytoplasm,2,54
877,951.0,677.0,Nascent,Cytoplasm,2,54
878,947.0,677.0,Nascent,Cytoplasm,2,54
879,945.0,678.0,Nascent,Cytoplasm,2,54
880,949.0,717.0,Nascent,Cytoplasm,2,54
881,973.0,719.0,Nascent,Cytoplasm,2,54
882,1481.0,1265.0,Nascent,Cytoplasm,2,55
883,1377.0,1277.0,Nascent,Cytoplasm,2,55
884,1094.0,1282.0,Nascent,Nucleus,1,55
885,1339.0,1282.0,Nascent,Cytoplasm,2,55
886,1350.0,1307.0,Nascent,Cytoplasm,2,55
887,1239.0,1395.0,Nascent,Nucleus,2,55
888,1018.0,1413.0,Nascent,Cytoplasm,1,55
889,1336.0,1415.0,Nascent,Nucleus,2,55
890,1024.0,1446.0,Nascent,Cytoplasm,1,55
891,1025.0,1140.0,Nascent,Cytoplasm,1,55
892,1162.0,1152.0,Nascent,Cytoplasm,1,55
893,1005.0,1180.0,Nascent,Cytoplasm,1,55
894,1482.0,1266.0,Nascent,Cytoplasm,2,55
895,1340.0,1282.0,Nascent,Cytoplasm,2,55
896,1287.0,1377.0,Nascent,Nucleus,2,55
897,1239.0,1396.0,Nascent,Nucleus,2,55
898,1145.0,1111.0,Nascent,Cytoplasm,1,55
899,1147.0,1111.0,Nascent,Cytoplasm,1,55
900,1009.0,1474.0,Nascent,Cytoplasm,1,55
901,294.0,926.0,Nascent,Nucleus,1,58
902,303.0,950.0,Nascent,Nucleus,1,58
903,285.0,951.0,Nascent,Nucleus,1,58
904,323.0,924.0,Nascent,Nucleus,1,58
905,279.0,931.0,Nascent,Nucleus,1,58
906,287.0,955.0,Nascent,Nucleus,1,58
907,303.0,949.0,Nascent,Nucleus,1,58
908,472.0,570.0,Nascent,Cytoplasm,1,60
909,440.0,575.0,Nascent,Cytoplasm,1,60
910,610.0,586.0,Nascent,Cytoplasm,1,60
911,469.0,630.0,Nascent,Nucleus,1,60
912,470.0,656.0,Nascent,Nucleus,1,60
913,372.0,672.0,Nascent,Nucleus,1,60
914,353.0,696.0,Nascent,Nucleus,1,60
915,439.0,702.0,Nascent,Nucleus,1,60
916,477.0,730.0,Nascent,Nucleus,1,60
917,508.0,731.0,Nascent,Cytoplasm,1,60
918,327.0,732.0,Nascent,Cytoplasm,1,60
919,423.0,776.0,Nascent,Cytoplasm,1,60
920,441.0,785.0,Nascent,Cytoplasm,1,60
921,328.0,808.0,Nascent,Cytoplasm,1,60
922,456.0,835.0,Nascent,Cytoplasm,1,60
923,414.0,837.0,Nascent,Cytoplasm,1,60
924,291.0,918.0,Nascent,Cytoplasm,1,60
925,503.0,624.0,Nascent,Nucleus,1,60
926,541.0,650.0,Nascent,Cytoplasm,1,60
927,341.0,664.0,Nascent,Cytoplasm,1,60
928,374.0,672.0,Nascent,Nucleus,1,60
929,413.0,710.0,Nascent,Nucleus,1,60
930,389.0,768.0,Nascent,Nucleus,1,60
931,401.0,844.0,Nascent,Cytoplasm,1,60
932,451.0,660.0,Nascent,Nucleus,1,60
933,448.0,675.0,Nascent,Nucleus,1,60
934,553.0,710.0,Nascent,Cytoplasm,1,60
935,415.0,739.0,Mature,Nucleus,1,60
936,415.0,739.0,Mature,Nucleus,1,60
937,416.0,740.0,Mature,Nucleus,1,60
938,415.0,739.0,Mature,Nucleus,1,60
939,415.0,742.0,Mature,Nucleus,1,60
940,417.0,739.0,Mature,Nucleus,1,60
941,415.0,739.0,Mature,Nucleus,1,60
942,419.0,741.0,Mature,Nucleus,1,60
943,275.0,916.0,Nascent,Cytoplasm,1,60
944,1561.0,788.0,Nascent,Cytoplasm,3,61
945,1424.0,860.0,Nascent,Nucleus,3,61
946,1450.0,923.0,Nascent,Nucleus,3,61
947,1509.0,943.0,Nascent,Cytoplasm,3,61
948,1444.0,782.0,Nascent,Cytoplasm,3,61
949,1517.0,901.0,Nascent,Cytoplasm,3,61
950,1468.0,972.0,Nascent,Nucleus,3,61
951,1395.0,891.0,Nascent,Nucleus,3,61
952,1377.0,900.0,Nascent,Nucleus,3,61
953,1377.0,900.0,Nascent,Nucleus,3,61
954,1435.0,931.0,Mature,Nucleus,3,61
955,1436.0,928.0,Mature,Nucleus,3,61
956,1433.0,929.0,Mature,Nucleus,3,61
957,1435.0,933.0,Mature,Nucleus,3,61
958,1437.0,933.0,Mature,Nucleus,3,61
959,1437.0,929.0,Mature,Nucleus,3,61
960,1437.0,926.0,Mature,Nucleus,3,61
961,,,No Spots,NA,1,61
962,,,No Spots,NA,2,61
963,1139.0,751.0,Nascent,Cytoplasm,2,62
964,1068.0,752.0,Nascent,Cytoplasm,2,62
965,1097.0,757.0,Nascent,Cytoplasm,2,62
966,1058.0,776.0,Nascent,Nucleus,2,62
967,657.0,841.0,Nascent,Nucleus,3,62
968,648.0,852.0,Nascent,Nucleus,3,62
969,649.0,896.0,Nascent,Cytoplasm,3,62
970,705.0,901.0,Mature,Cytoplasm,3,62
971,1062.0,906.0,Nascent,Nucleus,2,62
972,707.0,913.0,Nascent,Cytoplasm,3,62
973,1129.0,1292.0,Nascent,Nucleus,5,62
974,1065.0,1366.0,Nascent,Cytoplasm,5,62
975,1040.0,1424.0,Nascent,Cytoplasm,5,62
976,1392.0,555.0,Nascent,Nucleus,1,62
977,1103.0,756.0,Nascent,Cytoplasm,2,62
978,666.0,852.0,Nascent,Nucleus,3,62
979,706.0,893.0,Mature,Cytoplasm,3,62
980,707.0,900.0,Mature,Cytoplasm,3,62
981,1100.0,1361.0,Nascent,Nucleus,5,62
982,1152.0,735.0,Nascent,Cytoplasm,2,62
983,1154.0,735.0,Nascent,Cytoplasm,2,62
984,700.0,896.0,Mature,Cytoplasm,3,62
985,704.0,893.0,Mature,Cytoplasm,3,62
986,703.0,896.0,Mature,Cytoplasm,3,62
987,699.0,892.0,Mature,Cytoplasm,3,62
988,1053.0,910.0,Nascent,Nucleus,2,62
989,1054.0,913.0,Nascent,Nucleus,2,62
990,1063.0,922.0,Mature,Nucleus,2,62
991,1061.0,925.0,Mature,Nucleus,2,62
992,1061.0,920.0,Mature,Nucleus,2,62
993,1057.0,923.0,Mature,Nucleus,2,62
994,1062.0,934.0,Mature,Nucleus,2,62
995,1061.0,938.0,Mature,Nucleus,2,62
996,1062.0,929.0,Mature,Nucleus,2,62
997,1058.0,938.0,Mature,Nucleus,2,62
998,1060.0,931.0,Mature,Nucleus,2,62
999,712.0,931.0,Nascent,Cytoplasm,3,62
1000,1061.0,940.0,Mature,Nucleus,2,62
1001,1071.0,1255.0,Nascent,Nucleus,5,62
1002,1122.0,1260.0,Nascent,Nucleus,5,62
1003,1156.0,1371.0,Nascent,Nucleus,5,62
1004,,,No Spots,NA,4,62
1005,507.0,446.0,Nascent,Nucleus,2,63
1006,1534.0,828.0,Nascent,Nucleus,3,63
1007,1591.0,940.0,Nascent,Cytoplasm,3,63
1008,1417.0,1003.0,Nascent,Nucleus,3,63
1009,1460.0,1011.0,Nascent,Nucleus,3,63
1010,1443.0,1027.0,Nascent,Cytoplasm,3,63
1011,1442.0,1037.0,Nascent,Cytoplasm,3,63
1012,541.0,1040.0,Nascent,Nucleus,4,63
1013,1470.0,1054.0,Nascent,Cytoplasm,3,63
1014,1380.0,1068.0,Nascent,Cytoplasm,3,63
1015,1394.0,1068.0,Nascent,Cytoplasm,3,63
1016,392.0,1088.0,Nascent,Nucleus,4,63
1017,1311.0,1178.0,Nascent,Cytoplasm,3,63
1018,1048.0,1283.0,Nascent,Nucleus,5,63
1019,1168.0,1287.0,Nascent,Cytoplasm,5,63
1020,1030.0,1323.0,Nascent,Nucleus,5,63
1021,935.0,1390.0,Nascent,Cytoplasm,5,63
1022,556.0,1444.0,Nascent,Cytoplasm,6,63
1023,811.0,1507.0,Nascent,Nucleus,6,63
1024,814.0,1620.0,Nascent,Nucleus,6,63
1025,1569.0,733.0,Nascent,Cytoplasm,3,63
1026,1393.0,959.0,Nascent,Nucleus,3,63
1027,1436.0,973.0,Nascent,Nucleus,3,63
1028,742.0,1522.0,Nascent,Nucleus,6,63
1029,1410.0,918.0,Nascent,Nucleus,3,63
1030,1412.0,918.0,Nascent,Nucleus,3,63
1031,1409.0,920.0,Nascent,Nucleus,3,63
1032,1419.0,935.0,Nascent,Nucleus,3,63
1033,1397.0,980.0,Nascent,Nucleus,3,63
1034,1397.0,980.0,Nascent,Nucleus,3,63
1035,1397.0,979.0,Nascent,Nucleus,3,63
1036,1397.0,980.0,Nascent,Nucleus,3,63
1037,1374.0,985.0,Nascent,Cytoplasm,3,63
1038,430.0,994.0,Nascent,Cytoplasm,4,63
1039,1470.0,1013.0,Nascent,Cytoplasm,3,63
1040,408.0,1098.0,Nascent,Nucleus,4,63
1041,411.0,1102.0,Nascent,Nucleus,4,63
1042,955.0,1230.0,Nascent,Cytoplasm,5,63
1043,1030.0,1278.0,Nascent,Nucleus,5,63
1044,942.0,1313.0,Nascent,Nucleus,5,63
1045,940.0,1313.0,Nascent,Nucleus,5,63
1046,1041.0,1329.0,Nascent,Nucleus,5,63
1047,1047.0,1329.0,Nascent,Nucleus,5,63
1048,1038.0,1331.0,Nascent,Nucleus,5,63
1049,1043.0,1336.0,Nascent,Nucleus,5,63
1050,1042.0,1332.0,Nascent,Nucleus,5,63
1051,1048.0,1337.0,Nascent,Nucleus,5,63
1052,705.0,1459.0,Nascent,Cytoplasm,6,63
1053,934.0,1569.0,Nascent,Cytoplasm,6,63
1054,,,No Spots,NA,1,63
1055,649.0,1564.0,Nascent,Nucleus,1,64
1056,788.0,1583.0,Nascent,Cytoplasm,1,64
1057,664.0,1610.0,Nascent,Nucleus,1,64
1058,922.0,1404.0,Nascent,Cytoplasm,1,66
1059,961.0,1417.0,Nascent,Cytoplasm,1,66
1060,928.0,1418.0,Nascent,Cytoplasm,1,66
1061,899.0,1431.0,Nascent,Cytoplasm,1,66
1062,1012.0,1464.0,Nascent,Cytoplasm,1,66
1063,843.0,1468.0,Nascent,Nucleus,1,66
1064,784.0,1478.0,Nascent,Cytoplasm,1,66
1065,766.0,1481.0,Nascent,Cytoplasm,1,66
1066,744.0,1508.0,Nascent,Cytoplasm,1,66
1067,956.0,1511.0,Nascent,Cytoplasm,1,66
1068,847.0,1512.0,Nascent,Nucleus,1,66
1069,738.0,1531.0,Nascent,Cytoplasm,1,66
1070,749.0,1533.0,Nascent,Cytoplasm,1,66
1071,755.0,1537.0,Nascent,Cytoplasm,1,66
1072,932.0,1547.0,Nascent,Nucleus,1,66
1073,872.0,1553.0,Nascent,Nucleus,1,66
1074,857.0,1569.0,Nascent,Nucleus,1,66
1075,846.0,1576.0,Nascent,Nucleus,1,66
1076,758.0,1603.0,Nascent,Cytoplasm,1,66
1077,828.0,1610.0,Nascent,Nucleus,1,66
1078,922.0,1618.0,Nascent,Cytoplasm,1,66
1079,793.0,1624.0,Nascent,Cytoplasm,1,66
1080,927.0,1626.0,Nascent,Cytoplasm,1,66
1081,923.0,1404.0,Nascent,Cytoplasm,1,66
1082,899.0,1432.0,Nascent,Cytoplasm,1,66
1083,858.0,1467.0,Nascent,Nucleus,1,66
1084,956.0,1512.0,Nascent,Cytoplasm,1,66
1085,932.0,1546.0,Nascent,Nucleus,1,66
1086,782.0,1560.0,Nascent,Nucleus,1,66
1087,754.0,1581.0,Nascent,Cytoplasm,1,66
1088,819.0,1586.0,Nascent,Nucleus,1,66
1089,848.0,1421.0,Nascent,Cytoplasm,1,66
1090,847.0,1417.0,Nascent,Cytoplasm,1,66
1091,955.0,1422.0,Nascent,Cytoplasm,1,66
1092,804.0,1448.0,Nascent,Cytoplasm,1,66
1093,924.0,1461.0,Nascent,Cytoplasm,1,66
1094,775.0,1465.0,Nascent,Cytoplasm,1,66
1095,873.0,1483.0,Nascent,Nucleus,1,66
1096,900.0,1487.0,Nascent,Nucleus,1,66
1097,898.0,1487.0,Nascent,Nucleus,1,66
1098,834.0,1488.0,Nascent,Nucleus,1,66
1099,898.0,1520.0,Mature,Nucleus,1,66
1100,897.0,1519.0,Mature,Nucleus,1,66
1101,897.0,1521.0,Mature,Nucleus,1,66
1102,897.0,1517.0,Mature,Nucleus,1,66
1103,898.0,1521.0,Mature,Nucleus,1,66
1104,897.0,1517.0,Mature,Nucleus,1,66
1105,897.0,1521.0,Mature,Nucleus,1,66
1106,899.0,1518.0,Mature,Nucleus,1,66
1107,896.0,1518.0,Mature,Nucleus,1,66
1108,900.0,1521.0,Mature,Nucleus,1,66
1109,896.0,1523.0,Mature,Nucleus,1,66
1110,713.0,591.0,Nascent,Cytoplasm,1,67
1111,896.0,597.0,Nascent,Cytoplasm,1,67
1112,810.0,686.0,Nascent,Cytoplasm,1,67
1113,816.0,690.0,Nascent,Cytoplasm,1,67
1114,824.0,717.0,Nascent,Cytoplasm,1,67
1115,865.0,743.0,Nascent,Cytoplasm,1,67
1116,946.0,776.0,Nascent,Cytoplasm,1,67
1117,955.0,779.0,Nascent,Cytoplasm,1,67
1118,817.0,692.0,Nascent,Cytoplasm,1,67
1119,923.0,723.0,Nascent,Nucleus,1,67
1120,875.0,766.0,Nascent,Cytoplasm,1,67
1121,987.0,783.0,Nascent,Cytoplasm,1,67
1122,897.0,598.0,Nascent,Cytoplasm,1,67
1123,785.0,633.0,Nascent,Cytoplasm,1,67
1124,982.0,667.0,Nascent,Nucleus,1,67
1125,984.0,668.0,Nascent,Nucleus,1,67
1126,,,No Spots,NA,1,70
1127,1670.0,755.0,Nascent,Cytoplasm,1,71
1128,1618.0,759.0,Nascent,Nucleus,1,71
1129,1553.0,901.0,Nascent,Nucleus,1,71
1130,1587.0,927.0,Nascent,Cytoplasm,1,71
1131,1464.0,943.0,Nascent,Cytoplasm,1,71
1132,1564.0,978.0,Nascent,Cytoplasm,1,71
1133,1356.0,1139.0,Nascent,Cytoplasm,1,71
1134,861.0,1443.0,Nascent,Cytoplasm,2,71
1135,953.0,1454.0,Nascent,Cytoplasm,2,71
1136,863.0,1519.0,Nascent,Cytoplasm,2,71
1137,822.0,1528.0,Nascent,Cytoplasm,2,71
1138,875.0,1597.0,Nascent,Nucleus,2,71
1139,945.0,1671.0,Nascent,Nucleus,2,71
1140,1593.0,821.0,Nascent,Nucleus,1,71
1141,1611.0,906.0,Nascent,Nucleus,1,71
1142,1465.0,943.0,Nascent,Cytoplasm,1,71
1143,904.0,1517.0,Nascent,Nucleus,2,71
1144,876.0,1597.0,Nascent,Nucleus,2,71
1145,944.0,1673.0,Nascent,Nucleus,2,71
1146,1557.0,981.0,Nascent,Cytoplasm,1,71
1147,1558.0,980.0,Nascent,Cytoplasm,1,71
1148,873.0,1456.0,Nascent,Cytoplasm,2,71
1149,1053.0,1521.0,Nascent,Nucleus,2,71
1150,,,No Spots,NA,1,72
1151,1104.0,156.0,Nascent,Nucleus,1,73
1152,1541.0,338.0,Nascent,Cytoplasm,2,73
1153,1480.0,406.0,Nascent,Cytoplasm,2,73
1154,1504.0,461.0,Nascent,Nucleus,2,73
1155,1605.0,491.0,Nascent,Cytoplasm,2,73
1156,1564.0,497.0,Nascent,Cytoplasm,2,73
1157,1545.0,503.0,Nascent,Nucleus,2,73
1158,1606.0,534.0,Nascent,Cytoplasm,2,73
1159,1610.0,564.0,Nascent,Cytoplasm,2,73
1160,1480.0,692.0,Nascent,Cytoplasm,2,73
1161,1565.0,498.0,Nascent,Cytoplasm,2,73
1162,1585.0,535.0,Nascent,Cytoplasm,2,73
1163,1525.0,338.0,Mature,Cytoplasm,2,73
1164,1529.0,331.0,Mature,Cytoplasm,2,73
1165,1521.0,340.0,Mature,Cytoplasm,2,73
1166,1523.0,332.0,Mature,Cytoplasm,2,73
1167,1527.0,338.0,Mature,Cytoplasm,2,73
1168,1521.0,337.0,Mature,Cytoplasm,2,73
1169,1527.0,333.0,Mature,Cytoplasm,2,73
1170,1538.0,335.0,Mature,Cytoplasm,2,73
1171,1543.0,338.0,Nascent,Cytoplasm,2,73
1172,1551.0,464.0,Nascent,Nucleus,2,73
1173,1609.0,488.0,Nascent,Cytoplasm,2,73
1174,1614.0,644.0,Nascent,Cytoplasm,2,73
1175,1494.0,658.0,Nascent,Cytoplasm,2,73
1176,1494.0,656.0,Nascent,Cytoplasm,2,73
1177,476.0,357.0,Nascent,Nucleus,2,74
1178,520.0,396.0,Nascent,Nucleus,2,74
1179,571.0,428.0,Nascent,Cytoplasm,2,74
1180,498.0,457.0,Nascent,Nucleus,2,74
1181,1137.0,1225.0,Nascent,Nucleus,3,74
1182,1236.0,1245.0,Nascent,Nucleus,3,74
1183,1177.0,1266.0,Nascent,Cytoplasm,3,74
1184,1161.0,1271.0,Nascent,Cytoplasm,3,74
1185,1200.0,1279.0,Nascent,Cytoplasm,3,74
1186,1205.0,1285.0,Nascent,Cytoplasm,3,74
1187,1214.0,1287.0,Nascent,Cytoplasm,3,74
1188,1197.0,1293.0,Nascent,Cytoplasm,3,74
1189,1208.0,1313.0,Nascent,Cytoplasm,3,74
1190,1128.0,1451.0,Nascent,Cytoplasm,4,74
1191,1056.0,1492.0,Nascent,Cytoplasm,4,74
1192,1135.0,1500.0,Nascent,Cytoplasm,4,74
1193,458.0,1545.0,Nascent,Nucleus,1,74
1194,589.0,1558.0,Nascent,Nucleus,1,74
1195,513.0,1560.0,Nascent,Nucleus,1,74
1196,471.0,1572.0,Nascent,Nucleus,1,74
1197,646.0,1574.0,Nascent,Cytoplasm,1,74
1198,535.0,1715.0,Nascent,Cytoplasm,1,74
1199,364.0,557.0,Nascent,Cytoplasm,2,74
1200,1231.0,1298.0,Nascent,Cytoplasm,3,74
1201,1211.0,1230.0,Nascent,Nucleus,3,74
1202,1240.0,1242.0,Nascent,Nucleus,3,74
1203,1207.0,1287.0,Nascent,Cytoplasm,3,74
1204,1206.0,1284.0,Nascent,Cytoplasm,3,74
1205,1213.0,1293.0,Nascent,Cytoplasm,3,74
1206,1211.0,1299.0,Nascent,Cytoplasm,3,74
1207,1192.0,1312.0,Nascent,Cytoplasm,3,74
1208,535.0,1491.0,Nascent,Nucleus,1,74
1209,546.0,1516.0,Nascent,Nucleus,1,74
1210,533.0,1527.0,Nascent,Nucleus,1,74
1211,536.0,1526.0,Nascent,Nucleus,1,74
1212,532.0,1528.0,Nascent,Nucleus,1,74
1213,534.0,1530.0,Nascent,Nucleus,1,74
1214,443.0,1577.0,Nascent,Nucleus,1,74
1215,1149.0,356.0,Nascent,Cytoplasm,1,75
1216,1173.0,357.0,Nascent,Cytoplasm,1,75
1217,1108.0,367.0,Nascent,Cytoplasm,1,75
1218,1292.0,376.0,Nascent,Cytoplasm,1,75
1219,1274.0,380.0,Nascent,Cytoplasm,1,75
1220,1060.0,396.0,Nascent,Cytoplasm,1,75
1221,1025.0,399.0,Nascent,Cytoplasm,1,75
1222,1165.0,398.0,Nascent,Cytoplasm,1,75
1223,1126.0,399.0,Nascent,Cytoplasm,1,75
1224,1250.0,404.0,Nascent,Cytoplasm,1,75
1225,1082.0,406.0,Nascent,Cytoplasm,1,75
1226,1085.0,419.0,Nascent,Nucleus,1,75
1227,1154.0,420.0,Nascent,Nucleus,1,75
1228,1300.0,439.0,Nascent,Cytoplasm,1,75
1229,1022.0,447.0,Nascent,Cytoplasm,1,75
1230,1388.0,449.0,Nascent,Cytoplasm,1,75
1231,1305.0,451.0,Nascent,Cytoplasm,1,75
1232,1015.0,452.0,Nascent,Cytoplasm,1,75
1233,1165.0,455.0,Nascent,Nucleus,1,75
1234,1212.0,457.0,Nascent,Nucleus,1,75
1235,1066.0,460.0,Nascent,Nucleus,1,75
1236,964.0,466.0,Nascent,Cytoplasm,1,75
1237,1009.0,470.0,Nascent,Cytoplasm,1,75
1238,1101.0,473.0,Nascent,Nucleus,1,75
1239,1092.0,474.0,Nascent,Nucleus,1,75
1240,1131.0,480.0,Nascent,Nucleus,1,75
1241,1254.0,481.0,Nascent,Nucleus,1,75
1242,1351.0,484.0,Nascent,Cytoplasm,1,75
1243,1029.0,488.0,Nascent,Nucleus,1,75
1244,940.0,492.0,Nascent,Cytoplasm,1,75
1245,1190.0,493.0,Nascent,Nucleus,1,75
1246,1028.0,504.0,Nascent,Cytoplasm,1,75
1247,952.0,515.0,Nascent,Cytoplasm,1,75
1248,1237.0,516.0,Nascent,Nucleus,1,75
1249,1106.0,518.0,Nascent,Nucleus,1,75
1250,1144.0,528.0,Nascent,Nucleus,1,75
1251,1085.0,541.0,Nascent,Cytoplasm,1,75
1252,981.0,542.0,Nascent,Cytoplasm,1,75
1253,912.0,546.0,Nascent,Cytoplasm,1,75
1254,1242.0,548.0,Nascent,Cytoplasm,1,75
1255,1106.0,556.0,Nascent,Cytoplasm,1,75
1256,1139.0,357.0,Nascent,Cytoplasm,1,75
1257,1222.0,372.0,Nascent,Cytoplasm,1,75
1258,1266.0,381.0,Nascent,Cytoplasm,1,75
1259,1097.0,388.0,Nascent,Cytoplasm,1,75
1260,1016.0,435.0,Nascent,Cytoplasm,1,75
1261,1141.0,442.0,Nascent,Nucleus,1,75
1262,1065.0,459.0,Nascent,Nucleus,1,75
1263,1257.0,460.0,Nascent,Nucleus,1,75
1264,1165.0,468.0,Nascent,Nucleus,1,75
1265,1102.0,474.0,Nascent,Nucleus,1,75
1266,1170.0,502.0,Nascent,Nucleus,1,75
1267,955.0,533.0,Nascent,Cytoplasm,1,75
1268,1086.0,542.0,Nascent,Cytoplasm,1,75
1269,875.0,551.0,Nascent,Cytoplasm,1,75
1270,1044.0,556.0,Nascent,Cytoplasm,1,75
1271,1185.0,388.0,Nascent,Cytoplasm,1,75
1272,1018.0,431.0,Nascent,Cytoplasm,1,75
1273,1107.0,441.0,Mature,Nucleus,1,75
1274,1107.0,441.0,Mature,Nucleus,1,75
1275,1106.0,439.0,Mature,Nucleus,1,75
1276,1107.0,441.0,Mature,Nucleus,1,75
1277,1105.0,440.0,Mature,Nucleus,1,75
1278,1105.0,442.0,Mature,Nucleus,1,75
1279,1106.0,439.0,Mature,Nucleus,1,75
1280,1107.0,441.0,Mature,Nucleus,1,75
1281,1105.0,442.0,Mature,Nucleus,1,75
1282,1108.0,442.0,Mature,Nucleus,1,75
1283,1106.0,439.0,Mature,Nucleus,1,75
1284,1107.0,445.0,Mature,Nucleus,1,75
1285,1105.0,442.0,Mature,Nucleus,1,75
1286,1162.0,445.0,Nascent,Nucleus,1,75
1287,1073.0,446.0,Nascent,Nucleus,1,75
1288,1228.0,449.0,Nascent,Nucleus,1,75
1289,1228.0,450.0,Nascent,Nucleus,1,75
1290,1226.0,449.0,Nascent,Nucleus,1,75
1291,1228.0,450.0,Nascent,Nucleus,1,75
1292,1224.0,447.0,Nascent,Nucleus,1,75
1293,1227.0,448.0,Nascent,Nucleus,1,75
1294,1106.0,457.0,Nascent,Nucleus,1,75
1295,1287.0,457.0,Nascent,Cytoplasm,1,75
1296,1276.0,459.0,Nascent,Cytoplasm,1,75
1297,1203.0,471.0,Nascent,Nucleus,1,75
1298,1363.0,476.0,Nascent,Cytoplasm,1,75
1299,1362.0,476.0,Nascent,Cytoplasm,1,75
1300,1093.0,485.0,Nascent,Nucleus,1,75
1301,1311.0,493.0,Nascent,Cytoplasm,1,75
1302,1296.0,496.0,Nascent,Cytoplasm,1,75
1303,997.0,498.0,Nascent,Cytoplasm,1,75
1304,1185.0,509.0,Nascent,Nucleus,1,75
1305,1246.0,511.0,Nascent,Nucleus,1,75
1306,1246.0,512.0,Nascent,Nucleus,1,75
1307,1031.0,514.0,Nascent,Cytoplasm,1,75
1308,962.0,517.0,Nascent,Cytoplasm,1,75
1309,1107.0,518.0,Nascent,Nucleus,1,75
1310,898.0,524.0,Nascent,Cytoplasm,1,75
1311,1327.0,524.0,Nascent,Cytoplasm,1,75
1312,1287.0,525.0,Nascent,Cytoplasm,1,75
1313,953.0,527.0,Nascent,Cytoplasm,1,75
1314,1158.0,547.0,Nascent,Cytoplasm,1,75
1315,1163.0,551.0,Nascent,Cytoplasm,1,75
1316,1162.0,552.0,Nascent,Cytoplasm,1,75
1317,1132.0,562.0,Nascent,Cytoplasm,1,75
1318,,,No Spots,NA,2,75
1319,755.0,533.0,Nascent,Cytoplasm,1,76
1320,807.0,599.0,Nascent,Cytoplasm,1,76
1321,825.0,643.0,Nascent,Nucleus,1,76
1322,725.0,699.0,Nascent,Nucleus,1,76
1323,391.0,705.0,Nascent,Cytoplasm,2,76
1324,750.0,721.0,Nascent,Nucleus,1,76
1325,793.0,756.0,Nascent,Nucleus,1,76
1326,731.0,779.0,Nascent,Cytoplasm,1,76
1327,839.0,790.0,Nascent,Nucleus,1,76
1328,816.0,802.0,Nascent,Nucleus,1,76
1329,434.0,871.0,Nascent,Cytoplasm,2,76
1330,802.0,344.0,Nascent,Cytoplasm,1,76
1331,794.0,577.0,Nascent,Cytoplasm,1,76
1332,701.0,755.0,Nascent,Cytoplasm,1,76
1333,702.0,756.0,Nascent,Cytoplasm,1,76
1334,737.0,774.0,Nascent,Cytoplasm,1,76
1335,850.0,786.0,Nascent,Nucleus,1,76
1336,439.0,874.0,Nascent,Cytoplasm,2,76
1337,571.0,1027.0,Nascent,Cytoplasm,2,76
1338,,,No Spots,NA,1,77
1339,1062.0,606.0,Nascent,Cytoplasm,1,78
1340,1174.0,658.0,Nascent,Cytoplasm,1,78
1341,1114.0,664.0,Nascent,Nucleus,1,78
1342,1185.0,666.0,Nascent,Cytoplasm,1,78
1343,1156.0,685.0,Nascent,Nucleus,1,78
1344,1237.0,696.0,Nascent,Cytoplasm,1,78
1345,1100.0,707.0,Nascent,Nucleus,1,78
1346,1230.0,717.0,Nascent,Cytoplasm,1,78
1347,1249.0,740.0,Nascent,Cytoplasm,1,78
1348,1231.0,743.0,Nascent,Cytoplasm,1,78
1349,1252.0,755.0,Nascent,Cytoplasm,1,78
1350,1227.0,756.0,Nascent,Nucleus,1,78
1351,1217.0,832.0,Nascent,Nucleus,1,78
1352,1154.0,857.0,Nascent,Cytoplasm,1,78
1353,1420.0,1611.0,Nascent,Cytoplasm,2,78
1354,1168.0,618.0,Nascent,Cytoplasm,1,78
1355,1159.0,633.0,Nascent,Cytoplasm,1,78
1356,1250.0,716.0,Nascent,Cytoplasm,1,78
1357,1273.0,753.0,Nascent,Cytoplasm,1,78
1358,1226.0,839.0,Nascent,Cytoplasm,1,78
1359,1223.0,840.0,Nascent,Cytoplasm,1,78
1360,1217.0,859.0,Mature,Cytoplasm,1,78
1361,1221.0,862.0,Mature,Cytoplasm,1,78
1362,1221.0,854.0,Mature,Cytoplasm,1,78
1363,1218.0,865.0,Mature,Cytoplasm,1,78
1364,1216.0,855.0,Mature,Cytoplasm,1,78
1365,1207.0,858.0,Mature,Cytoplasm,1,78
1366,1214.0,864.0,Mature,Cytoplasm,1,78
1367,1219.0,857.0,Mature,Cytoplasm,1,78
1368,1220.0,861.0,Mature,Cytoplasm,1,78
1369,1223.0,857.0,Mature,Cytoplasm,1,78
1370,1225.0,861.0,Mature,Cytoplasm,1,78
1371,1205.0,864.0,Mature,Cytoplasm,1,78
1372,1221.0,865.0,Mature,Cytoplasm,1,78
1373,1216.0,868.0,Mature,Cytoplasm,1,78
1374,1211.0,860.0,Mature,Cytoplasm,1,78
1375,1217.0,862.0,Mature,Cytoplasm,1,78
1376,1221.0,852.0,Mature,Cytoplasm,1,78
1377,1228.0,863.0,Mature,Cytoplasm,1,78
1378,1226.0,868.0,Mature,Cytoplasm,1,78
1379,1213.0,856.0,Mature,Cytoplasm,1,78
1380,1205.0,857.0,Mature,Cytoplasm,1,78
1381,1221.0,870.0,Mature,Cytoplasm,1,78
1382,1227.0,858.0,Mature,Cytoplasm,1,78
1383,1215.0,859.0,Mature,Cytoplasm,1,78
1384,1217.0,850.0,Mature,Cytoplasm,1,78
1385,1208.0,860.0,Mature,Cytoplasm,1,78
1386,1208.0,855.0,Mature,Cytoplasm,1,78
1387,1212.0,864.0,Mature,Cytoplasm,1,78
1388,1223.0,868.0,Mature,Cytoplasm,1,78
1389,1203.0,855.0,Mature,Cytoplasm,1,78
1390,1221.0,859.0,Mature,Cytoplasm,1,78
1391,1208.0,863.0,Mature,Cytoplasm,1,78
1392,1219.0,868.0,Mature,Cytoplasm,1,78
1393,1224.0,863.0,Mature,Cytoplasm,1,78
1394,1212.0,852.0,Mature,Cytoplasm,1,78
1395,1216.0,871.0,Mature,Cytoplasm,1,78
1396,1225.0,853.0,Mature,Cytoplasm,1,78
1397,1218.0,852.0,Mature,Cytoplasm,1,78
1398,1228.0,866.0,Mature,Cytoplasm,1,78
1399,1228.0,861.0,Mature,Cytoplasm,1,78
1400,1215.0,867.0,Mature,Cytoplasm,1,78
1401,1216.0,855.0,Mature,Cytoplasm,1,78
1402,1225.0,858.0,Mature,Cytoplasm,1,78
1403,1217.0,859.0,Mature,Cytoplasm,1,78
1404,1213.0,860.0,Mature,Cytoplasm,1,78
1405,1210.0,854.0,Mature,Cytoplasm,1,78
1406,732.0,1401.0,Nascent,Nucleus,1,79
1407,886.0,1568.0,Nascent,Cytoplasm,2,79
1408,1040.0,1656.0,Nascent,Nucleus,2,79
1409,784.0,1382.0,Nascent,Cytoplasm,1,79
1410,926.0,1575.0,Nascent,Cytoplasm,2,79
1411,1069.0,1689.0,Nascent,Cytoplasm,2,79
1412,1032.0,1697.0,Nascent,Cytoplasm,2,79
1413,1070.0,1699.0,Nascent,Cytoplasm,2,79
1414,623.0,1361.0,Nascent,Cytoplasm,1,79
1415,943.0,1529.0,Nascent,Cytoplasm,2,79
1416,1053.0,1698.0,Nascent,Cytoplasm,2,79
1417,1060.0,518.0,Nascent,Cytoplasm,3,80
1418,1098.0,586.0,Nascent,Nucleus,3,80
1419,1096.0,598.0,Nascent,Nucleus,3,80
1420,1109.0,604.0,Nascent,Cytoplasm,3,80
1421,1113.0,608.0,Nascent,Cytoplasm,3,80
1422,1104.0,633.0,Nascent,Cytoplasm,3,80
1423,986.0,635.0,Nascent,Nucleus,3,80
1424,1083.0,636.0,Nascent,Nucleus,3,80
1425,327.0,1313.0,Nascent,Cytoplasm,4,80
1426,1377.0,1318.0,Nascent,Cytoplasm,1,80
1427,360.0,1321.0,Nascent,Cytoplasm,4,80
1428,415.0,1345.0,Nascent,Cytoplasm,4,80
1429,404.0,1375.0,Nascent,Cytoplasm,4,80
1430,581.0,1522.0,Nascent,Nucleus,4,80
1431,566.0,1554.0,Nascent,Nucleus,4,80
1432,415.0,1346.0,Nascent,Cytoplasm,4,80
1433,819.0,412.0,Nascent,Cytoplasm,3,80
1434,938.0,544.0,Nascent,Nucleus,3,80
1435,547.0,1429.0,Nascent,Nucleus,4,80
1436,549.0,1428.0,Nascent,Nucleus,4,80
1437,494.0,1522.0,Nascent,Nucleus,4,80
1438,610.0,1531.0,Nascent,Nucleus,4,80
1439,610.0,1531.0,Nascent,Nucleus,4,80
1440,609.0,1530.0,Nascent,Nucleus,4,80
1441,610.0,1531.0,Nascent,Nucleus,4,80
1442,608.0,1532.0,Nascent,Nucleus,4,80
1443,611.0,1530.0,Nascent,Nucleus,4,80
1444,567.0,1554.0,Nascent,Nucleus,4,80
1445,,,No Spots,NA,2,80
1446,1029.0,240.0,Nascent,Cytoplasm,1,81
1447,971.0,322.0,Nascent,Nucleus,1,81
1448,967.0,343.0,Nascent,Nucleus,1,81
1449,1105.0,384.0,Nascent,Cytoplasm,1,81
1450,979.0,396.0,Nascent,Nucleus,1,81
1451,1104.0,406.0,Nascent,Cytoplasm,1,81
1452,1099.0,724.0,Nascent,Cytoplasm,2,81
1453,824.0,756.0,Nascent,Nucleus,2,81
1454,661.0,822.0,Nascent,Cytoplasm,2,81
1455,1358.0,995.0,Nascent,Cytoplasm,4,81
1456,1322.0,1019.0,Nascent,Cytoplasm,4,81
1457,1340.0,1025.0,Nascent,Cytoplasm,4,81
1458,1373.0,1028.0,Nascent,Cytoplasm,4,81
1459,1344.0,1043.0,Nascent,Cytoplasm,4,81
1460,883.0,1055.0,Nascent,Cytoplasm,5,81
1461,991.0,1061.0,Nascent,Cytoplasm,5,81
1462,800.0,1065.0,Nascent,Cytoplasm,5,81
1463,947.0,1072.0,Nascent,Cytoplasm,5,81
1464,728.0,1075.0,Nascent,Cytoplasm,5,81
1465,903.0,1085.0,Nascent,Cytoplasm,5,81
1466,1018.0,1088.0,Nascent,Cytoplasm,5,81
1467,845.0,1092.0,Nascent,Cytoplasm,5,81
1468,1258.0,1105.0,Nascent,Cytoplasm,4,81
1469,1655.0,1108.0,Nascent,Nucleus,3,81
1470,635.0,1122.0,Nascent,Cytoplasm,5,81
1471,938.0,1123.0,Nascent,Nucleus,5,81
1472,1491.0,1127.0,Nascent,Cytoplasm,3,81
1473,1520.0,1143.0,Nascent,Cytoplasm,3,81
1474,1581.0,1148.0,Nascent,Nucleus,3,81
1475,888.0,1149.0,Nascent,Nucleus,5,81
1476,1494.0,1153.0,Nascent,Cytoplasm,3,81
1477,870.0,1156.0,Nascent,Nucleus,5,81
1478,1274.0,1166.0,Nascent,Nucleus,4,81
1479,851.0,1178.0,Nascent,Nucleus,5,81
1480,966.0,1180.0,Nascent,Nucleus,5,81
1481,861.0,1183.0,Nascent,Nucleus,5,81
1482,800.0,1190.0,Nascent,Nucleus,5,81
1483,838.0,1201.0,Nascent,Nucleus,5,81
1484,1489.0,1218.0,Nascent,Cytoplasm,3,81
1485,1376.0,1232.0,Nascent,Cytoplasm,4,81
1486,779.0,1248.0,Nascent,Cytoplasm,5,81
1487,1289.0,1251.0,Nascent,Nucleus,4,81
1488,1209.0,1320.0,Nascent,Cytoplasm,4,81
1489,1222.0,1348.0,Nascent,Cytoplasm,4,81
1490,1161.0,1406.0,Nascent,Cytoplasm,4,81
1491,1385.0,977.0,Nascent,Cytoplasm,4,81
1492,1326.0,1026.0,Nascent,Cytoplasm,4,81
1493,962.0,1073.0,Nascent,Cytoplasm,5,81
1494,961.0,1092.0,Nascent,Cytoplasm,5,81
1495,844.0,1093.0,Nascent,Cytoplasm,5,81
1496,1519.0,1120.0,Nascent,Cytoplasm,3,81
1497,1307.0,1181.0,Nascent,Nucleus,4,81
1498,907.0,1189.0,Nascent,Nucleus,5,81
1499,1377.0,1245.0,Nascent,Cytoplasm,4,81
1500,1209.0,1293.0,Nascent,Nucleus,4,81
1501,1036.0,427.0,Nascent,Cytoplasm,1,81
1502,875.0,757.0,Nascent,Nucleus,2,81
1503,1749.0,879.0,Nascent,Cytoplasm,3,81
1504,1709.0,924.0,Nascent,Cytoplasm,3,81
1505,1644.0,1038.0,Nascent,Cytoplasm,3,81
1506,952.0,1039.0,Nascent,Cytoplasm,5,81
1507,952.0,1039.0,Nascent,Cytoplasm,5,81
1508,928.0,1080.0,Nascent,Cytoplasm,5,81
1509,1043.0,1096.0,Nascent,Cytoplasm,5,81
1510,1331.0,1106.0,Nascent,Nucleus,4,81
1511,1502.0,1121.0,Nascent,Cytoplasm,3,81
1512,699.0,1130.0,Nascent,Cytoplasm,5,81
1513,1495.0,1138.0,Nascent,Cytoplasm,3,81
1514,1499.0,1140.0,Nascent,Cytoplasm,3,81
1515,1495.0,1155.0,Nascent,Cytoplasm,3,81
1516,1555.0,1160.0,Nascent,Nucleus,3,81
1517,1489.0,1162.0,Nascent,Cytoplasm,3,81
1518,1304.0,1172.0,Nascent,Nucleus,4,81
1519,1592.0,1175.0,Nascent,Nucleus,3,81
1520,1591.0,1176.0,Nascent,Nucleus,3,81
1521,1591.0,1173.0,Nascent,Nucleus,3,81
1522,1531.0,1183.0,Nascent,Cytoplasm,3,81
1523,764.0,1189.0,Nascent,Cytoplasm,5,81
1524,1330.0,1190.0,Nascent,Nucleus,4,81
1525,1504.0,1200.0,Nascent,Cytoplasm,3,81
1526,1506.0,1201.0,Nascent,Cytoplasm,3,81
1527,1204.0,1222.0,Nascent,Nucleus,4,81
1528,951.0,1267.0,Nascent,Cytoplasm,5,81
1529,950.0,1268.0,Nascent,Cytoplasm,5,81
1530,901.0,1284.0,Nascent,Cytoplasm,5,81
1531,1311.0,1327.0,Nascent,Cytoplasm,4,81
1532,1309.0,1325.0,Nascent,Cytoplasm,4,81
1533,1143.0,1384.0,Nascent,Cytoplasm,4,81
1534,635.0,1163.0,Nascent,Cytoplasm,1,82
1535,590.0,1223.0,Nascent,Cytoplasm,1,82
1536,950.0,1268.0,Nascent,Nucleus,2,82
1537,1070.0,1276.0,Nascent,Cytoplasm,2,82
1538,1070.0,1330.0,Nascent,Cytoplasm,2,82
1539,571.0,1085.0,Nascent,Nucleus,1,82
1540,1163.0,1186.0,Nascent,Cytoplasm,2,82
1541,598.0,1203.0,Nascent,Cytoplasm,1,82
1542,1088.0,1251.0,Nascent,Cytoplasm,2,82
1543,1072.0,1276.0,Nascent,Cytoplasm,2,82
1544,1063.0,1343.0,Nascent,Cytoplasm,2,82
1545,1063.0,1144.0,Nascent,Cytoplasm,2,82
1546,1032.0,1265.0,Nascent,Cytoplasm,2,82
1547,1043.0,1272.0,Nascent,Cytoplasm,2,82
1548,1074.0,1292.0,Nascent,Cytoplasm,2,82
1549,1074.0,1292.0,Nascent,Cytoplasm,2,82
1550,1016.0,1323.0,Nascent,Nucleus,2,82
1551,1030.0,1356.0,Nascent,Cytoplasm,2,82
1552,,,No Spots,NA,1,83
1553,1007.0,1582.0,Nascent,Cytoplasm,2,86
1554,923.0,1590.0,Nascent,Nucleus,2,86
1555,,,No Spots,NA,1,86
1556,,,No Spots,NA,1,87
1557,759.0,440.0,Nascent,Cytoplasm,1,90
1558,775.0,451.0,Nascent,Cytoplasm,1,90
1559,711.0,454.0,Nascent,Cytoplasm,1,90
1560,642.0,458.0,Nascent,Cytoplasm,1,90
1561,749.0,460.0,Nascent,Cytoplasm,1,90
1562,714.0,462.0,Nascent,Cytoplasm,1,90
1563,697.0,502.0,Nascent,Cytoplasm,1,90
1564,641.0,504.0,Nascent,Cytoplasm,1,90
1565,784.0,504.0,Nascent,Cytoplasm,1,90
1566,648.0,543.0,Nascent,Cytoplasm,1,90
1567,499.0,860.0,Nascent,Cytoplasm,2,90
1568,440.0,930.0,Nascent,Nucleus,2,90
1569,345.0,946.0,Nascent,Nucleus,2,90
1570,439.0,950.0,Nascent,Nucleus,2,90
1571,342.0,971.0,Nascent,Cytoplasm,2,90
1572,1533.0,1418.0,Nascent,Cytoplasm,3,90
1573,1515.0,1533.0,Nascent,Nucleus,3,90
1574,730.0,343.0,Nascent,Nucleus,1,90
1575,746.0,435.0,Nascent,Cytoplasm,1,90
1576,765.0,464.0,Nascent,Cytoplasm,1,90
1577,440.0,950.0,Nascent,Nucleus,2,90
1578,391.0,959.0,Nascent,Nucleus,2,90
1579,363.0,1028.0,Nascent,Cytoplasm,2,90
1580,1513.0,1481.0,Nascent,Nucleus,3,90
1581,1413.0,1506.0,Nascent,Nucleus,3,90
1582,720.0,456.0,Nascent,Cytoplasm,1,90
1583,722.0,456.0,Nascent,Cytoplasm,1,90
1584,641.0,470.0,Nascent,Cytoplasm,1,90
1585,705.0,476.0,Nascent,Cytoplasm,1,90
1586,705.0,477.0,Nascent,Cytoplasm,1,90
1587,784.0,505.0,Nascent,Cytoplasm,1,90
1588,740.0,561.0,Nascent,Cytoplasm,1,90
1589,709.0,650.0,Nascent,Cytoplasm,1,90
1590,708.0,649.0,Nascent,Cytoplasm,1,90
1591,500.0,860.0,Nascent,Cytoplasm,2,90
1592,339.0,953.0,Nascent,Cytoplasm,2,90
1593,345.0,956.0,Nascent,Nucleus,2,90
1594,342.0,955.0,Nascent,Cytoplasm,2,90
1595,1376.0,1469.0,Nascent,Cytoplasm,3,90
1596,1512.0,1476.0,Nascent,Nucleus,3,90
1597,1459.0,1523.0,Nascent,Nucleus,3,90
1598,1461.0,1522.0,Nascent,Nucleus,3,90
1599,1609.0,303.0,Nascent,Cytoplasm,2,91
1600,1610.0,370.0,Nascent,Cytoplasm,2,91
1601,809.0,407.0,Nascent,Cytoplasm,3,91
1602,1577.0,416.0,Nascent,Cytoplasm,2,91
1603,1424.0,426.0,Nascent,Nucleus,2,91
1604,1486.0,458.0,Nascent,Cytoplasm,2,91
1605,1537.0,490.0,Nascent,Cytoplasm,2,91
1606,689.0,521.0,Nascent,Nucleus,3,91
1607,1593.0,882.0,Nascent,Cytoplasm,5,91
1608,1561.0,897.0,Nascent,Cytoplasm,5,91
1609,1552.0,946.0,Nascent,Cytoplasm,5,91
1610,1654.0,958.0,Nascent,Nucleus,5,91
1611,1563.0,1024.0,Nascent,Cytoplasm,5,91
1612,1092.0,1210.0,Nascent,Cytoplasm,8,91
1613,1506.0,1212.0,Nascent,Cytoplasm,8,91
1614,1242.0,1225.0,Nascent,Nucleus,8,91
1615,1354.0,1227.0,Nascent,Cytoplasm,8,91
1616,1029.0,1234.0,Nascent,Cytoplasm,8,91
1617,1431.0,1240.0,Nascent,Cytoplasm,8,91
1618,993.0,1276.0,Nascent,Cytoplasm,8,91
1619,1071.0,1285.0,Nascent,Nucleus,8,91
1620,1281.0,1301.0,Nascent,Nucleus,8,91
1621,953.0,1368.0,Nascent,Cytoplasm,8,91
1622,1386.0,1458.0,Nascent,Cytoplasm,9,91
1623,1461.0,1468.0,Nascent,Nucleus,9,91
1624,1385.0,1475.0,Nascent,Cytoplasm,9,91
1625,1482.0,1509.0,Nascent,Nucleus,9,91
1626,1384.0,1534.0,Nascent,Cytoplasm,9,91
1627,1492.0,448.0,Nascent,Cytoplasm,2,91
1628,1539.0,919.0,Nascent,Cytoplasm,5,91
1629,1646.0,1016.0,Nascent,Nucleus,5,91
1630,1089.0,1211.0,Nascent,Cytoplasm,8,91
1631,1059.0,1396.0,Nascent,Cytoplasm,8,91
1632,1380.0,1540.0,Nascent,Cytoplasm,9,91
1633,860.0,1549.0,Nascent,Cytoplasm,10,91
1634,1609.0,304.0,Nascent,Cytoplasm,2,91
1635,1428.0,404.0,Nascent,Nucleus,2,91
1636,1507.0,840.0,Nascent,Cytoplasm,5,91
1637,1690.0,933.0,Nascent,Nucleus,5,91
1638,1691.0,932.0,Nascent,Nucleus,5,91
1639,1691.0,933.0,Nascent,Nucleus,5,91
1640,1604.0,936.0,Nascent,Nucleus,5,91
1641,1687.0,938.0,Nascent,Nucleus,5,91
1642,1464.0,939.0,Nascent,Cytoplasm,5,91
1643,1308.0,1265.0,Nascent,Cytoplasm,8,91
1644,1079.0,1286.0,Nascent,Nucleus,8,91
1645,1077.0,1347.0,Nascent,Nucleus,8,91
1646,1076.0,1346.0,Nascent,Nucleus,8,91
1647,1337.0,1416.0,Nascent,Cytoplasm,9,91
1648,1206.0,1426.0,Nascent,Cytoplasm,9,91
1649,1467.0,1448.0,Nascent,Nucleus,9,91
1650,1380.0,1469.0,Nascent,Cytoplasm,9,91
1651,1432.0,1473.0,Nascent,Nucleus,9,91
1652,1385.0,1473.0,Nascent,Cytoplasm,9,91
1653,1383.0,1476.0,Nascent,Cytoplasm,9,91
1654,1399.0,1502.0,Nascent,Cytoplasm,9,91
1655,1385.0,1535.0,Nascent,Cytoplasm,9,91
1656,,,No Spots,NA,1,91
1657,,,No Spots,NA,4,91
1658,,,No Spots,NA,6,91
1659,,,No Spots,NA,7,91
1660,278.0,394.0,Nascent,Cytoplasm,1,92
1661,1059.0,701.0,Nascent,Nucleus,2,92
1662,1208.0,799.0,Nascent,Cytoplasm,2,92
1663,1150.0,803.0,Nascent,Cytoplasm,2,92
1664,1192.0,812.0,Nascent,Cytoplasm,2,92
1665,419.0,834.0,Nascent,Nucleus,3,92
1666,405.0,866.0,Nascent,Nucleus,3,92
1667,318.0,920.0,Nascent,Nucleus,3,92
1668,324.0,941.0,Nascent,Nucleus,3,92
1669,429.0,1288.0,Nascent,Nucleus,4,92
1670,345.0,1377.0,Nascent,Nucleus,4,92
1671,1075.0,675.0,Nascent,Nucleus,2,92
1672,1058.0,702.0,Nascent,Nucleus,2,92
1673,1191.0,813.0,Nascent,Cytoplasm,2,92
1674,1180.0,816.0,Nascent,Cytoplasm,2,92
1675,441.0,847.0,Nascent,Cytoplasm,3,92
1676,454.0,850.0,Nascent,Cytoplasm,3,92
1677,437.0,859.0,Nascent,Cytoplasm,3,92
1678,444.0,1271.0,Nascent,Nucleus,4,92
1679,1112.0,628.0,Nascent,Nucleus,2,92
1680,1166.0,646.0,Nascent,Nucleus,2,92
1681,1079.0,669.0,Nascent,Nucleus,2,92
1682,1293.0,705.0,Nascent,Cytoplasm,2,92
1683,1293.0,705.0,Nascent,Cytoplasm,2,92
1684,1160.0,763.0,Nascent,Nucleus,2,92
1685,600.0,856.0,Nascent,Cytoplasm,3,92
1686,320.0,936.0,Nascent,Nucleus,3,92
1687,568.0,1185.0,Nascent,Cytoplasm,4,92
1688,407.0,1390.0,Nascent,Nucleus,4,92
1689,1372.0,760.0,Nascent,Cytoplasm,1,94
1690,1413.0,773.0,Nascent,Cytoplasm,1,94
1691,1353.0,808.0,Nascent,Nucleus,1,94
1692,1423.0,808.0,Nascent,Cytoplasm,1,94
1693,1360.0,809.0,Nascent,Nucleus,1,94
1694,1080.0,887.0,Nascent,Cytoplasm,2,94
1695,1280.0,905.0,Nascent,Cytoplasm,1,94
1696,1072.0,952.0,Nascent,Cytoplasm,2,94
1697,1145.0,956.0,Nascent,Cytoplasm,2,94
1698,1099.0,982.0,Nascent,Cytoplasm,2,94
1699,1091.0,982.0,Nascent,Cytoplasm,2,94
1700,1132.0,998.0,Nascent,Cytoplasm,2,94
1701,1298.0,1456.0,Nascent,Cytoplasm,3,94
1702,1410.0,1628.0,Nascent,Nucleus,3,94
1703,1276.0,1657.0,Nascent,Cytoplasm,3,94
1704,535.0,557.0,Nascent,Cytoplasm,4,94
1705,1400.0,765.0,Nascent,Cytoplasm,1,94
1706,1281.0,905.0,Nascent,Cytoplasm,1,94
1707,1132.0,999.0,Nascent,Cytoplasm,2,94
1708,1293.0,1455.0,Nascent,Cytoplasm,3,94
1709,523.0,484.0,Nascent,Nucleus,4,94
1710,524.0,485.0,Nascent,Nucleus,4,94
1711,1437.0,790.0,Nascent,Cytoplasm,1,94
1712,1435.0,792.0,Nascent,Cytoplasm,1,94
1713,1435.0,787.0,Nascent,Cytoplasm,1,94
1714,1437.0,790.0,Nascent,Cytoplasm,1,94
1715,1434.0,790.0,Nascent,Cytoplasm,1,94
1716,1086.0,963.0,Nascent,Cytoplasm,2,94
1717,1091.0,978.0,Nascent,Cytoplasm,2,94
1718,1091.0,983.0,Nascent,Cytoplasm,2,94
1719,1155.0,1071.0,Nascent,Cytoplasm,2,94
1720,342.0,1359.0,Nascent,Cytoplasm,3,95
1721,398.0,1449.0,Nascent,Cytoplasm,3,95
1722,364.0,1211.0,Nascent,Nucleus,3,95
1723,,,No Spots,NA,1,95
1724,,,No Spots,NA,2,95
1725,1584.0,293.0,Nascent,Nucleus,2,96
1726,1417.0,301.0,Nascent,Cytoplasm,2,96
1727,1498.0,301.0,Nascent,Cytoplasm,2,96
1728,622.0,324.0,Nascent,Nucleus,3,96
1729,649.0,362.0,Nascent,Nucleus,3,96
1730,511.0,449.0,Nascent,Cytoplasm,3,96
1731,1501.0,581.0,Nascent,Cytoplasm,4,96
1732,1489.0,604.0,Nascent,Cytoplasm,4,96
1733,1458.0,610.0,Nascent,Cytoplasm,4,96
1734,1465.0,657.0,Nascent,Cytoplasm,4,96
1735,1463.0,666.0,Nascent,Cytoplasm,4,96
1736,1372.0,676.0,Nascent,Nucleus,4,96
1737,1453.0,682.0,Nascent,Cytoplasm,4,96
1738,1446.0,694.0,Nascent,Cytoplasm,4,96
1739,796.0,698.0,Nascent,Cytoplasm,5,96
1740,1286.0,748.0,Nascent,Nucleus,4,96
1741,728.0,752.0,Nascent,Nucleus,5,96
1742,1371.0,777.0,Nascent,Nucleus,4,96
1743,1390.0,784.0,Mature,Nucleus,4,96
1744,810.0,784.0,Nascent,Nucleus,5,96
1745,1377.0,790.0,Mature,Nucleus,4,96
1746,1410.0,793.0,Nascent,Cytoplasm,4,96
1747,1375.0,794.0,Mature,Nucleus,4,96
1748,1356.0,799.0,Mature,Nucleus,4,96
1749,1355.0,808.0,Mature,Nucleus,4,96
1750,1373.0,814.0,Mature,Cytoplasm,4,96
1751,1350.0,819.0,Mature,Nucleus,4,96
1752,808.0,832.0,Nascent,Nucleus,5,96
1753,1267.0,834.0,Nascent,Cytoplasm,4,96
1754,692.0,891.0,Nascent,Cytoplasm,5,96
1755,676.0,915.0,Nascent,Cytoplasm,5,96
1756,773.0,932.0,Nascent,Cytoplasm,5,96
1757,682.0,968.0,Nascent,Cytoplasm,5,96
1758,1490.0,285.0,Nascent,Cytoplasm,2,96
1759,1541.0,324.0,Nascent,Nucleus,2,96
1760,1494.0,630.0,Nascent,Cytoplasm,4,96
1761,1465.0,659.0,Nascent,Cytoplasm,4,96
1762,1373.0,677.0,Nascent,Nucleus,4,96
1763,1323.0,706.0,Nascent,Nucleus,4,96
1764,1408.0,769.0,Nascent,Nucleus,4,96
1765,1355.0,788.0,Nascent,Nucleus,4,96
1766,995.0,324.0,Nascent,Nucleus,1,96
1767,996.0,324.0,Nascent,Nucleus,1,96
1768,1115.0,412.0,Nascent,Cytoplasm,1,96
1769,1446.0,444.0,Nascent,Cytoplasm,2,96
1770,1447.0,443.0,Nascent,Cytoplasm,2,96
1771,1470.0,653.0,Nascent,Cytoplasm,4,96
1772,1480.0,657.0,Nascent,Cytoplasm,4,96
1773,1480.0,654.0,Nascent,Cytoplasm,4,96
1774,856.0,752.0,Nascent,Nucleus,5,96
1775,856.0,752.0,Nascent,Nucleus,5,96
1776,856.0,751.0,Nascent,Nucleus,5,96
1777,1376.0,763.0,Nascent,Nucleus,4,96
1778,1376.0,765.0,Nascent,Nucleus,4,96
1779,1377.0,768.0,Nascent,Nucleus,4,96
1780,1393.0,773.0,Mature,Nucleus,4,96
1781,1391.0,772.0,Mature,Nucleus,4,96
1782,1390.0,776.0,Mature,Nucleus,4,96
1783,1391.0,779.0,Mature,Nucleus,4,96
1784,1393.0,773.0,Mature,Nucleus,4,96
1785,1409.0,774.0,Nascent,Cytoplasm,4,96
1786,1407.0,776.0,Nascent,Cytoplasm,4,96
1787,1410.0,772.0,Nascent,Cytoplasm,4,96
1788,1368.0,784.0,Nascent,Nucleus,4,96
1789,1266.0,784.0,Nascent,Nucleus,4,96
1790,1392.0,786.0,Mature,Nucleus,4,96
1791,1356.0,791.0,Mature,Nucleus,4,96
1792,1354.0,794.0,Mature,Nucleus,4,96
1793,1359.0,791.0,Mature,Nucleus,4,96
1794,1358.0,795.0,Mature,Nucleus,4,96
1795,1401.0,792.0,Nascent,Cytoplasm,4,96
1796,1400.0,792.0,Nascent,Cytoplasm,4,96
1797,1394.0,798.0,Nascent,Cytoplasm,4,96
1798,1394.0,795.0,Nascent,Cytoplasm,4,96
1799,1377.0,799.0,Mature,Nucleus,4,96
1800,1380.0,799.0,Mature,Nucleus,4,96
1801,1410.0,800.0,Nascent,Cytoplasm,4,96
1802,1413.0,799.0,Nascent,Cytoplasm,4,96
1803,1379.0,802.0,Mature,Cytoplasm,4,96
1804,1371.0,806.0,Mature,Nucleus,4,96
1805,1375.0,807.0,Mature,Cytoplasm,4,96
1806,1370.0,803.0,Mature,Nucleus,4,96
1807,1386.0,804.0,Mature,Cytoplasm,4,96
1808,1380.0,806.0,Mature,Cytoplasm,4,96
1809,1356.0,807.0,Mature,Nucleus,4,96
1810,1382.0,808.0,Mature,Cytoplasm,4,96
1811,1355.0,815.0,Mature,Nucleus,4,96
1812,1357.0,816.0,Mature,Cytoplasm,4,96
1813,1359.0,813.0,Mature,Nucleus,4,96
1814,1353.0,820.0,Mature,Cytoplasm,4,96
1815,1354.0,811.0,Mature,Nucleus,4,96
1816,1362.0,814.0,Mature,Cytoplasm,4,96
1817,1372.0,814.0,Mature,Cytoplasm,4,96
1818,817.0,866.0,Nascent,Cytoplasm,5,96
1819,830.0,899.0,Nascent,Cytoplasm,5,96
1820,705.0,1055.0,Nascent,Cytoplasm,5,96
1821,1129.0,359.0,Nascent,Cytoplasm,2,97
1822,685.0,512.0,Nascent,Nucleus,1,97
1823,650.0,517.0,Nascent,Nucleus,1,97
1824,713.0,537.0,Nascent,Cytoplasm,1,97
1825,694.0,588.0,Nascent,Cytoplasm,1,97
1826,647.0,373.0,Nascent,Nucleus,1,97
1827,1127.0,495.0,Nascent,Nucleus,2,97
1828,1130.0,497.0,Nascent,Nucleus,2,97
1829,635.0,481.0,Nascent,Nucleus,1,97
1830,650.0,518.0,Nascent,Nucleus,1,97
1831,,,No Spots,NA,3,97
1832,,,No Spots,NA,1,98
1833,,,No Spots,NA,2,98
1834,1034.0,1309.0,Nascent,Nucleus,1,99
